Time,Seq,DateTime,DeltaTime,CumulTime,Id,CimetrixGEM300Simulation_MaterialManager_SubstLocID,CimetrixGEM300Simulation_MaterialManager_SubstLocSubstID
2022-11-22T17:15:50.439-07:00,351,2022-11-22 17:15:50.439,#VALUE!,953.501,SubstrateLocation:1:Unoccupied-Occupied,Robot,CARRIER1.01
2022-11-22T17:15:50.969-07:00,353,2022-11-22 17:15:50.969,0.530,954.031,SubstrateLocation:1:Unoccupied-Occupied,PreAligner,CARRIER1.01
2022-11-22T17:15:56.503-07:00,355,2022-11-22 17:15:56.503,5.534,959.565,SubstrateLocation:1:Unoccupied-Occupied,Robot,CARRIER1.01
2022-11-22T17:15:57.031-07:00,357,2022-11-22 17:15:57.031,0.528,960.093,SubstrateLocation:1:Unoccupied-Occupied,ProcessChamber1,CARRIER1.01
2022-11-22T17:16:58.576-07:00,371,2022-11-22 17:16:58.576,61.545,1021.638,SubstrateLocation:1:Unoccupied-Occupied,Robot,CARRIER1.01
2022-11-22T17:16:59.104-07:00,373,2022-11-22 17:16:59.104,0.528,1022.166,SubstrateLocation:1:Unoccupied-Occupied,CARRIER1.01,CARRIER1.01
2022-11-22T17:15:57.561-07:00,359,2022-11-22 17:15:57.561,-61.543,960.623,SubstrateLocation:1:Unoccupied-Occupied,Robot,CARRIER1.02
2022-11-22T17:15:58.093-07:00,361,2022-11-22 17:15:58.093,0.532,961.155,SubstrateLocation:1:Unoccupied-Occupied,PreAligner,CARRIER1.02
2022-11-22T17:16:03.635-07:00,363,2022-11-22 17:16:03.635,5.542,966.697,SubstrateLocation:1:Unoccupied-Occupied,Robot,CARRIER1.02
2022-11-22T17:16:04.160-07:00,365,2022-11-22 17:16:04.160,0.525,967.222,SubstrateLocation:1:Unoccupied-Occupied,ProcessChamber2,CARRIER1.02
2022-11-22T17:17:05.656-07:00,383,2022-11-22 17:17:05.656,61.496,1028.718,SubstrateLocation:1:Unoccupied-Occupied,Robot,CARRIER1.02
2022-11-22T17:17:06.181-07:00,385,2022-11-22 17:17:06.181,0.525,1029.243,SubstrateLocation:1:Unoccupied-Occupied,CARRIER1.02,CARRIER1.02
2022-11-22T17:16:04.689-07:00,367,2022-11-22 17:16:04.689,-61.492,967.751,SubstrateLocation:1:Unoccupied-Occupied,Robot,CARRIER1.03
2022-11-22T17:16:05.215-07:00,369,2022-11-22 17:16:05.215,0.526,968.277,SubstrateLocation:1:Unoccupied-Occupied,PreAligner,CARRIER1.03
2022-11-22T17:16:59.634-07:00,375,2022-11-22 17:16:59.634,54.419,1022.696,SubstrateLocation:1:Unoccupied-Occupied,Robot,CARRIER1.03
2022-11-22T17:17:00.162-07:00,377,2022-11-22 17:17:00.162,0.528,1023.224,SubstrateLocation:1:Unoccupied-Occupied,ProcessChamber1,CARRIER1.03
2022-11-22T17:18:01.654-07:00,395,2022-11-22 17:18:01.654,61.492,1084.716,SubstrateLocation:1:Unoccupied-Occupied,Robot,CARRIER1.03
2022-11-22T17:18:02.182-07:00,397,2022-11-22 17:18:02.182,0.528,1085.244,SubstrateLocation:1:Unoccupied-Occupied,CARRIER1.03,CARRIER1.03
2022-11-22T17:17:00.688-07:00,379,2022-11-22 17:17:00.688,-61.494,1023.750,SubstrateLocation:1:Unoccupied-Occupied,Robot,CARRIER1.04
2022-11-22T17:17:01.217-07:00,381,2022-11-22 17:17:01.217,0.529,1024.279,SubstrateLocation:1:Unoccupied-Occupied,PreAligner,CARRIER1.04
2022-11-22T17:17:06.746-07:00,387,2022-11-22 17:17:06.746,5.529,1029.808,SubstrateLocation:1:Unoccupied-Occupied,Robot,CARRIER1.04
2022-11-22T17:17:07.276-07:00,389,2022-11-22 17:17:07.276,0.530,1030.338,SubstrateLocation:1:Unoccupied-Occupied,ProcessChamber2,CARRIER1.04
2022-11-22T17:18:08.756-07:00,407,2022-11-22 17:18:08.756,61.480,1091.818,SubstrateLocation:1:Unoccupied-Occupied,Robot,CARRIER1.04
2022-11-22T17:18:09.284-07:00,409,2022-11-22 17:18:09.284,0.528,1092.346,SubstrateLocation:1:Unoccupied-Occupied,CARRIER1.04,CARRIER1.04
2022-11-22T17:17:07.801-07:00,391,2022-11-22 17:17:07.801,-61.483,1030.863,SubstrateLocation:1:Unoccupied-Occupied,Robot,CARRIER1.05
2022-11-22T17:17:08.374-07:00,393,2022-11-22 17:17:08.374,0.573,1031.436,SubstrateLocation:1:Unoccupied-Occupied,PreAligner,CARRIER1.05
2022-11-22T17:18:02.711-07:00,399,2022-11-22 17:18:02.711,54.337,1085.773,SubstrateLocation:1:Unoccupied-Occupied,Robot,CARRIER1.05
2022-11-22T17:18:03.241-07:00,401,2022-11-22 17:18:03.241,0.530,1086.303,SubstrateLocation:1:Unoccupied-Occupied,ProcessChamber1,CARRIER1.05
2022-11-22T17:19:04.860-07:00,419,2022-11-22 17:19:04.860,61.619,1147.922,SubstrateLocation:1:Unoccupied-Occupied,Robot,CARRIER1.05
2022-11-22T17:19:05.441-07:00,421,2022-11-22 17:19:05.441,0.581,1148.503,SubstrateLocation:1:Unoccupied-Occupied,CARRIER1.05,CARRIER1.05
2022-11-22T17:18:03.768-07:00,403,2022-11-22 17:18:03.768,-61.673,1086.830,SubstrateLocation:1:Unoccupied-Occupied,Robot,CARRIER1.06
2022-11-22T17:18:04.296-07:00,405,2022-11-22 17:18:04.296,0.528,1087.358,SubstrateLocation:1:Unoccupied-Occupied,PreAligner,CARRIER1.06
2022-11-22T17:18:09.827-07:00,411,2022-11-22 17:18:09.827,5.531,1092.889,SubstrateLocation:1:Unoccupied-Occupied,Robot,CARRIER1.06
2022-11-22T17:18:10.354-07:00,413,2022-11-22 17:18:10.354,0.527,1093.416,SubstrateLocation:1:Unoccupied-Occupied,ProcessChamber2,CARRIER1.06
2022-11-22T17:19:12.167-07:00,431,2022-11-22 17:19:12.167,61.813,1155.229,SubstrateLocation:1:Unoccupied-Occupied,Robot,CARRIER1.06
2022-11-22T17:19:12.734-07:00,433,2022-11-22 17:19:12.734,0.567,1155.796,SubstrateLocation:1:Unoccupied-Occupied,CARRIER1.06,CARRIER1.06
2022-11-22T17:18:10.881-07:00,415,2022-11-22 17:18:10.881,-61.853,1093.943,SubstrateLocation:1:Unoccupied-Occupied,Robot,CARRIER1.07
2022-11-22T17:18:11.410-07:00,417,2022-11-22 17:18:11.410,0.529,1094.472,SubstrateLocation:1:Unoccupied-Occupied,PreAligner,CARRIER1.07
2022-11-22T17:19:05.992-07:00,423,2022-11-22 17:19:05.992,54.582,1149.054,SubstrateLocation:1:Unoccupied-Occupied,Robot,CARRIER1.07
2022-11-22T17:19:06.548-07:00,425,2022-11-22 17:19:06.548,0.556,1149.610,SubstrateLocation:1:Unoccupied-Occupied,ProcessChamber1,CARRIER1.07
2022-11-22T17:20:08.327-07:00,443,2022-11-22 17:20:08.327,61.779,1211.389,SubstrateLocation:1:Unoccupied-Occupied,Robot,CARRIER1.07
2022-11-22T17:20:08.857-07:00,445,2022-11-22 17:20:08.857,0.530,1211.919,SubstrateLocation:1:Unoccupied-Occupied,CARRIER1.07,CARRIER1.07
2022-11-22T17:19:07.096-07:00,427,2022-11-22 17:19:07.096,-61.761,1150.158,SubstrateLocation:1:Unoccupied-Occupied,Robot,CARRIER1.08
2022-11-22T17:19:07.642-07:00,429,2022-11-22 17:19:07.642,0.546,1150.704,SubstrateLocation:1:Unoccupied-Occupied,PreAligner,CARRIER1.08
2022-11-22T17:19:13.294-07:00,435,2022-11-22 17:19:13.294,5.652,1156.356,SubstrateLocation:1:Unoccupied-Occupied,Robot,CARRIER1.08
2022-11-22T17:19:13.835-07:00,437,2022-11-22 17:19:13.835,0.541,1156.897,SubstrateLocation:1:Unoccupied-Occupied,ProcessChamber2,CARRIER1.08
2022-11-22T17:20:15.499-07:00,455,2022-11-22 17:20:15.499,61.664,1218.561,SubstrateLocation:1:Unoccupied-Occupied,Robot,CARRIER1.08
2022-11-22T17:20:16.051-07:00,457,2022-11-22 17:20:16.051,0.552,1219.113,SubstrateLocation:1:Unoccupied-Occupied,CARRIER1.08,CARRIER1.08
2022-11-22T17:19:14.379-07:00,439,2022-11-22 17:19:14.379,-61.672,1157.441,SubstrateLocation:1:Unoccupied-Occupied,Robot,CARRIER1.09
2022-11-22T17:19:14.920-07:00,441,2022-11-22 17:19:14.920,0.541,1157.982,SubstrateLocation:1:Unoccupied-Occupied,PreAligner,CARRIER1.09
2022-11-22T17:20:09.383-07:00,447,2022-11-22 17:20:09.383,54.463,1212.445,SubstrateLocation:1:Unoccupied-Occupied,Robot,CARRIER1.09
2022-11-22T17:20:09.912-07:00,449,2022-11-22 17:20:09.912,0.529,1212.974,SubstrateLocation:1:Unoccupied-Occupied,ProcessChamber1,CARRIER1.09
2022-11-22T17:21:11.486-07:00,467,2022-11-22 17:21:11.486,61.574,1274.548,SubstrateLocation:1:Unoccupied-Occupied,Robot,CARRIER1.09
2022-11-22T17:21:12.021-07:00,469,2022-11-22 17:21:12.021,0.535,1275.083,SubstrateLocation:1:Unoccupied-Occupied,CARRIER1.09,CARRIER1.09
2022-11-22T17:20:10.446-07:00,451,2022-11-22 17:20:10.446,-61.575,1213.508,SubstrateLocation:1:Unoccupied-Occupied,Robot,CARRIER1.10
2022-11-22T17:20:10.985-07:00,453,2022-11-22 17:20:10.985,0.539,1214.047,SubstrateLocation:1:Unoccupied-Occupied,PreAligner,CARRIER1.10
2022-11-22T17:20:16.593-07:00,459,2022-11-22 17:20:16.593,5.608,1219.655,SubstrateLocation:1:Unoccupied-Occupied,Robot,CARRIER1.10
2022-11-22T17:20:17.121-07:00,461,2022-11-22 17:20:17.121,0.528,1220.183,SubstrateLocation:1:Unoccupied-Occupied,ProcessChamber2,CARRIER1.10
2022-11-22T17:21:18.628-07:00,479,2022-11-22 17:21:18.628,61.507,1281.690,SubstrateLocation:1:Unoccupied-Occupied,Robot,CARRIER1.10
2022-11-22T17:21:19.159-07:00,481,2022-11-22 17:21:19.159,0.531,1282.221,SubstrateLocation:1:Unoccupied-Occupied,CARRIER1.10,CARRIER1.10
2022-11-22T17:20:17.650-07:00,463,2022-11-22 17:20:17.650,-61.509,1220.712,SubstrateLocation:1:Unoccupied-Occupied,Robot,CARRIER1.11
2022-11-22T17:20:18.178-07:00,465,2022-11-22 17:20:18.178,0.528,1221.240,SubstrateLocation:1:Unoccupied-Occupied,PreAligner,CARRIER1.11
2022-11-22T17:21:12.565-07:00,471,2022-11-22 17:21:12.565,54.387,1275.627,SubstrateLocation:1:Unoccupied-Occupied,Robot,CARRIER1.11
2022-11-22T17:21:13.112-07:00,473,2022-11-22 17:21:13.112,0.547,1276.174,SubstrateLocation:1:Unoccupied-Occupied,ProcessChamber1,CARRIER1.11
2022-11-22T17:22:14.686-07:00,491,2022-11-22 17:22:14.686,61.574,1337.748,SubstrateLocation:1:Unoccupied-Occupied,Robot,CARRIER1.11
2022-11-22T17:22:15.225-07:00,493,2022-11-22 17:22:15.225,0.539,1338.287,SubstrateLocation:1:Unoccupied-Occupied,CARRIER1.11,CARRIER1.11
2022-11-22T17:21:13.647-07:00,475,2022-11-22 17:21:13.647,-61.578,1276.709,SubstrateLocation:1:Unoccupied-Occupied,Robot,CARRIER1.12
2022-11-22T17:21:14.175-07:00,477,2022-11-22 17:21:14.175,0.528,1277.237,SubstrateLocation:1:Unoccupied-Occupied,PreAligner,CARRIER1.12
2022-11-22T17:21:19.711-07:00,483,2022-11-22 17:21:19.711,5.536,1282.773,SubstrateLocation:1:Unoccupied-Occupied,Robot,CARRIER1.12
2022-11-22T17:21:20.243-07:00,485,2022-11-22 17:21:20.243,0.532,1283.305,SubstrateLocation:1:Unoccupied-Occupied,ProcessChamber2,CARRIER1.12
2022-11-22T17:22:21.849-07:00,503,2022-11-22 17:22:21.849,61.606,1344.911,SubstrateLocation:1:Unoccupied-Occupied,Robot,CARRIER1.12
2022-11-22T17:22:22.379-07:00,505,2022-11-22 17:22:22.379,0.530,1345.441,SubstrateLocation:1:Unoccupied-Occupied,CARRIER1.12,CARRIER1.12
2022-11-22T17:21:20.787-07:00,487,2022-11-22 17:21:20.787,-61.592,1283.849,SubstrateLocation:1:Unoccupied-Occupied,Robot,CARRIER1.13
2022-11-22T17:21:21.367-07:00,489,2022-11-22 17:21:21.367,0.580,1284.429,SubstrateLocation:1:Unoccupied-Occupied,PreAligner,CARRIER1.13
2022-11-22T17:22:15.761-07:00,495,2022-11-22 17:22:15.761,54.394,1338.823,SubstrateLocation:1:Unoccupied-Occupied,Robot,CARRIER1.13
2022-11-22T17:22:16.291-07:00,497,2022-11-22 17:22:16.291,0.530,1339.353,SubstrateLocation:1:Unoccupied-Occupied,ProcessChamber1,CARRIER1.13
2022-11-22T17:22:16.820-07:00,499,2022-11-22 17:22:16.820,0.529,1339.882,SubstrateLocation:1:Unoccupied-Occupied,Robot,CARRIER1.14
2022-11-22T17:22:17.347-07:00,501,2022-11-22 17:22:17.347,0.527,1340.409,SubstrateLocation:1:Unoccupied-Occupied,PreAligner,CARRIER1.14
2022-11-22T17:22:22.913-07:00,507,2022-11-22 17:22:22.913,5.566,1345.975,SubstrateLocation:1:Unoccupied-Occupied,Robot,CARRIER1.14
2022-11-22T17:22:23.443-07:00,509,2022-11-22 17:22:23.443,0.530,1346.505,SubstrateLocation:1:Unoccupied-Occupied,ProcessChamber2,CARRIER1.14
2022-11-22T17:22:23.973-07:00,511,2022-11-22 17:22:23.973,0.530,1347.035,SubstrateLocation:1:Unoccupied-Occupied,Robot,CARRIER1.15
2022-11-22T16:59:56.956-07:00,1,2022-11-22 16:59:56.956,-1347.017,0.018,SubstrateLocation:1:Unoccupied-Occupied,CARRIER1.20,CARRIER1.20
2022-11-22T17:00:52.370-07:00,11,2022-11-22 17:00:52.370,55.414,55.432,SubstrateLocation:1:Unoccupied-Occupied,Robot,CARRIER1.21
2022-11-22T17:00:52.899-07:00,13,2022-11-22 17:00:52.899,0.529,55.961,SubstrateLocation:1:Unoccupied-Occupied,CARRIER1.21,CARRIER1.21
2022-11-22T16:59:57.490-07:00,3,2022-11-22 16:59:57.490,-55.409,0.552,SubstrateLocation:1:Unoccupied-Occupied,Robot,CARRIER1.22
2022-11-22T16:59:58.019-07:00,5,2022-11-22 16:59:58.019,0.529,1.081,SubstrateLocation:1:Unoccupied-Occupied,ProcessChamber2,CARRIER1.22
2022-11-22T17:00:59.480-07:00,23,2022-11-22 17:00:59.480,61.461,62.542,SubstrateLocation:1:Unoccupied-Occupied,Robot,CARRIER1.22
2022-11-22T17:01:00.014-07:00,25,2022-11-22 17:01:00.014,0.534,63.076,SubstrateLocation:1:Unoccupied-Occupied,CARRIER1.22,CARRIER1.22
2022-11-22T16:59:58.546-07:00,7,2022-11-22 16:59:58.546,-61.468,1.608,SubstrateLocation:1:Unoccupied-Occupied,Robot,CARRIER1.23
2022-11-22T16:59:59.082-07:00,9,2022-11-22 16:59:59.082,0.536,2.144,SubstrateLocation:1:Unoccupied-Occupied,PreAligner,CARRIER1.23
2022-11-22T17:00:53.436-07:00,15,2022-11-22 17:00:53.436,54.354,56.498,SubstrateLocation:1:Unoccupied-Occupied,Robot,CARRIER1.23
2022-11-22T17:00:53.974-07:00,17,2022-11-22 17:00:53.974,0.538,57.036,SubstrateLocation:1:Unoccupied-Occupied,ProcessChamber1,CARRIER1.23
2022-11-22T17:01:55.499-07:00,35,2022-11-22 17:01:55.499,61.525,118.561,SubstrateLocation:1:Unoccupied-Occupied,Robot,CARRIER1.23
2022-11-22T17:01:56.033-07:00,37,2022-11-22 17:01:56.033,0.534,119.095,SubstrateLocation:1:Unoccupied-Occupied,CARRIER1.23,CARRIER1.23
2022-11-22T17:00:54.506-07:00,19,2022-11-22 17:00:54.506,-61.527,57.568,SubstrateLocation:1:Unoccupied-Occupied,Robot,CARRIER1.24
2022-11-22T17:00:55.038-07:00,21,2022-11-22 17:00:55.038,0.532,58.100,SubstrateLocation:1:Unoccupied-Occupied,PreAligner,CARRIER1.24
2022-11-22T17:01:00.590-07:00,27,2022-11-22 17:01:00.590,5.552,63.652,SubstrateLocation:1:Unoccupied-Occupied,Robot,CARRIER1.24
2022-11-22T17:01:01.119-07:00,29,2022-11-22 17:01:01.119,0.529,64.181,SubstrateLocation:1:Unoccupied-Occupied,ProcessChamber2,CARRIER1.24
2022-11-22T17:02:02.611-07:00,47,2022-11-22 17:02:02.611,61.492,125.673,SubstrateLocation:1:Unoccupied-Occupied,Robot,CARRIER1.24
2022-11-22T17:02:03.140-07:00,49,2022-11-22 17:02:03.140,0.529,126.202,SubstrateLocation:1:Unoccupied-Occupied,CARRIER1.24,CARRIER1.24
2022-11-22T17:01:01.652-07:00,31,2022-11-22 17:01:01.652,-61.488,64.714,SubstrateLocation:1:Unoccupied-Occupied,Robot,CARRIER1.25
2022-11-22T17:01:02.180-07:00,33,2022-11-22 17:01:02.180,0.528,65.242,SubstrateLocation:1:Unoccupied-Occupied,PreAligner,CARRIER1.25
2022-11-22T17:01:56.567-07:00,39,2022-11-22 17:01:56.567,54.387,119.629,SubstrateLocation:1:Unoccupied-Occupied,Robot,CARRIER1.25
2022-11-22T17:01:57.097-07:00,41,2022-11-22 17:01:57.097,0.530,120.159,SubstrateLocation:1:Unoccupied-Occupied,ProcessChamber1,CARRIER1.25
2022-11-22T17:02:58.632-07:00,59,2022-11-22 17:02:58.632,61.535,181.694,SubstrateLocation:1:Unoccupied-Occupied,Robot,CARRIER1.25
2022-11-22T17:02:59.176-07:00,61,2022-11-22 17:02:59.176,0.544,182.238,SubstrateLocation:1:Unoccupied-Occupied,CARRIER1.25,CARRIER1.25
2022-11-22T17:01:57.630-07:00,43,2022-11-22 17:01:57.630,-61.546,120.692,SubstrateLocation:1:Unoccupied-Occupied,Robot,CARRIER2.01
2022-11-22T17:01:58.160-07:00,45,2022-11-22 17:01:58.160,0.530,121.222,SubstrateLocation:1:Unoccupied-Occupied,PreAligner,CARRIER2.01
2022-11-22T17:02:03.696-07:00,51,2022-11-22 17:02:03.696,5.536,126.758,SubstrateLocation:1:Unoccupied-Occupied,Robot,CARRIER2.01
2022-11-22T17:02:04.228-07:00,53,2022-11-22 17:02:04.228,0.532,127.290,SubstrateLocation:1:Unoccupied-Occupied,ProcessChamber2,CARRIER2.01
2022-11-22T17:03:05.863-07:00,71,2022-11-22 17:03:05.863,61.635,188.925,SubstrateLocation:1:Unoccupied-Occupied,Robot,CARRIER2.01
2022-11-22T17:03:06.388-07:00,73,2022-11-22 17:03:06.388,0.525,189.450,SubstrateLocation:1:Unoccupied-Occupied,CARRIER2.01,CARRIER2.01
2022-11-22T17:02:04.763-07:00,55,2022-11-22 17:02:04.763,-61.625,127.825,SubstrateLocation:1:Unoccupied-Occupied,Robot,CARRIER2.02
2022-11-22T17:02:05.293-07:00,57,2022-11-22 17:02:05.293,0.530,128.355,SubstrateLocation:1:Unoccupied-Occupied,PreAligner,CARRIER2.02
2022-11-22T17:02:59.802-07:00,63,2022-11-22 17:02:59.802,54.509,182.864,SubstrateLocation:1:Unoccupied-Occupied,Robot,CARRIER2.02
2022-11-22T17:03:00.342-07:00,65,2022-11-22 17:03:00.342,0.540,183.404,SubstrateLocation:1:Unoccupied-Occupied,ProcessChamber1,CARRIER2.02
2022-11-22T17:04:01.832-07:00,83,2022-11-22 17:04:01.832,61.490,244.894,SubstrateLocation:1:Unoccupied-Occupied,Robot,CARRIER2.02
2022-11-22T17:04:02.359-07:00,85,2022-11-22 17:04:02.359,0.527,245.421,SubstrateLocation:1:Unoccupied-Occupied,CARRIER2.02,CARRIER2.02
2022-11-22T17:03:00.876-07:00,67,2022-11-22 17:03:00.876,-61.483,183.938,SubstrateLocation:1:Unoccupied-Occupied,Robot,CARRIER2.03
2022-11-22T17:03:01.413-07:00,69,2022-11-22 17:03:01.413,0.537,184.475,SubstrateLocation:1:Unoccupied-Occupied,PreAligner,CARRIER2.03
2022-11-22T17:03:06.953-07:00,75,2022-11-22 17:03:06.953,5.540,190.015,SubstrateLocation:1:Unoccupied-Occupied,Robot,CARRIER2.03
2022-11-22T17:03:07.481-07:00,77,2022-11-22 17:03:07.481,0.528,190.543,SubstrateLocation:1:Unoccupied-Occupied,ProcessChamber2,CARRIER2.03
2022-11-22T17:04:08.966-07:00,95,2022-11-22 17:04:08.966,61.485,252.028,SubstrateLocation:1:Unoccupied-Occupied,Robot,CARRIER2.03
2022-11-22T17:04:09.496-07:00,97,2022-11-22 17:04:09.496,0.530,252.558,SubstrateLocation:1:Unoccupied-Occupied,CARRIER2.03,CARRIER2.03
2022-11-22T17:03:08.009-07:00,79,2022-11-22 17:03:08.009,-61.487,191.071,SubstrateLocation:1:Unoccupied-Occupied,Robot,CARRIER2.04
2022-11-22T17:03:08.549-07:00,81,2022-11-22 17:03:08.549,0.540,191.611,SubstrateLocation:1:Unoccupied-Occupied,PreAligner,CARRIER2.04
2022-11-22T17:04:02.890-07:00,87,2022-11-22 17:04:02.890,54.341,245.952,SubstrateLocation:1:Unoccupied-Occupied,Robot,CARRIER2.04
2022-11-22T17:04:03.416-07:00,89,2022-11-22 17:04:03.416,0.526,246.478,SubstrateLocation:1:Unoccupied-Occupied,ProcessChamber1,CARRIER2.04
2022-11-22T17:05:04.872-07:00,107,2022-11-22 17:05:04.872,61.456,307.934,SubstrateLocation:1:Unoccupied-Occupied,Robot,CARRIER2.04
2022-11-22T17:05:05.401-07:00,109,2022-11-22 17:05:05.401,0.529,308.463,SubstrateLocation:1:Unoccupied-Occupied,CARRIER2.04,CARRIER2.04
2022-11-22T17:04:03.944-07:00,91,2022-11-22 17:04:03.944,-61.457,247.006,SubstrateLocation:1:Unoccupied-Occupied,Robot,CARRIER2.05
2022-11-22T17:04:04.471-07:00,93,2022-11-22 17:04:04.471,0.527,247.533,SubstrateLocation:1:Unoccupied-Occupied,PreAligner,CARRIER2.05
2022-11-22T17:04:10.025-07:00,99,2022-11-22 17:04:10.025,5.554,253.087,SubstrateLocation:1:Unoccupied-Occupied,Robot,CARRIER2.05
2022-11-22T17:04:10.551-07:00,101,2022-11-22 17:04:10.551,0.526,253.613,SubstrateLocation:1:Unoccupied-Occupied,ProcessChamber2,CARRIER2.05
2022-11-22T17:05:11.995-07:00,119,2022-11-22 17:05:11.995,61.444,315.057,SubstrateLocation:1:Unoccupied-Occupied,Robot,CARRIER2.05
2022-11-22T17:05:12.523-07:00,121,2022-11-22 17:05:12.523,0.528,315.585,SubstrateLocation:1:Unoccupied-Occupied,CARRIER2.05,CARRIER2.05
2022-11-22T17:04:11.080-07:00,103,2022-11-22 17:04:11.080,-61.443,254.142,SubstrateLocation:1:Unoccupied-Occupied,Robot,CARRIER2.06
2022-11-22T17:04:11.607-07:00,105,2022-11-22 17:04:11.607,0.527,254.669,SubstrateLocation:1:Unoccupied-Occupied,PreAligner,CARRIER2.06
2022-11-22T17:05:05.928-07:00,111,2022-11-22 17:05:05.928,54.321,308.990,SubstrateLocation:1:Unoccupied-Occupied,Robot,CARRIER2.06
2022-11-22T17:05:06.456-07:00,113,2022-11-22 17:05:06.456,0.528,309.518,SubstrateLocation:1:Unoccupied-Occupied,ProcessChamber1,CARRIER2.06
2022-11-22T17:06:08.153-07:00,131,2022-11-22 17:06:08.153,61.697,371.215,SubstrateLocation:1:Unoccupied-Occupied,Robot,CARRIER2.06
2022-11-22T17:06:08.693-07:00,133,2022-11-22 17:06:08.693,0.540,371.755,SubstrateLocation:1:Unoccupied-Occupied,CARRIER2.06,CARRIER2.06
2022-11-22T17:05:06.988-07:00,115,2022-11-22 17:05:06.988,-61.705,310.050,SubstrateLocation:1:Unoccupied-Occupied,Robot,CARRIER2.07
2022-11-22T17:05:07.517-07:00,117,2022-11-22 17:05:07.517,0.529,310.579,SubstrateLocation:1:Unoccupied-Occupied,PreAligner,CARRIER2.07
2022-11-22T17:05:13.052-07:00,123,2022-11-22 17:05:13.052,5.535,316.114,SubstrateLocation:1:Unoccupied-Occupied,Robot,CARRIER2.07
2022-11-22T17:05:13.580-07:00,125,2022-11-22 17:05:13.580,0.528,316.642,SubstrateLocation:1:Unoccupied-Occupied,ProcessChamber2,CARRIER2.07
2022-11-22T17:06:15.356-07:00,143,2022-11-22 17:06:15.356,61.776,378.418,SubstrateLocation:1:Unoccupied-Occupied,Robot,CARRIER2.07
2022-11-22T17:06:15.895-07:00,145,2022-11-22 17:06:15.895,0.539,378.957,SubstrateLocation:1:Unoccupied-Occupied,CARRIER2.07,CARRIER2.07
2022-11-22T17:05:14.107-07:00,127,2022-11-22 17:05:14.107,-61.788,317.169,SubstrateLocation:1:Unoccupied-Occupied,Robot,CARRIER2.08
2022-11-22T17:05:14.634-07:00,129,2022-11-22 17:05:14.634,0.527,317.696,SubstrateLocation:1:Unoccupied-Occupied,PreAligner,CARRIER2.08
2022-11-22T17:06:09.248-07:00,135,2022-11-22 17:06:09.248,54.614,372.310,SubstrateLocation:1:Unoccupied-Occupied,Robot,CARRIER2.08
2022-11-22T17:06:09.789-07:00,137,2022-11-22 17:06:09.789,0.541,372.851,SubstrateLocation:1:Unoccupied-Occupied,ProcessChamber1,CARRIER2.08
2022-11-22T17:07:11.863-07:00,155,2022-11-22 17:07:11.863,62.074,434.925,SubstrateLocation:1:Unoccupied-Occupied,Robot,CARRIER2.08
2022-11-22T17:07:12.397-07:00,157,2022-11-22 17:07:12.397,0.534,435.459,SubstrateLocation:1:Unoccupied-Occupied,CARRIER2.08,CARRIER2.08
2022-11-22T17:06:10.338-07:00,139,2022-11-22 17:06:10.338,-62.059,373.400,SubstrateLocation:1:Unoccupied-Occupied,Robot,CARRIER2.09
2022-11-22T17:06:10.890-07:00,141,2022-11-22 17:06:10.890,0.552,373.952,SubstrateLocation:1:Unoccupied-Occupied,PreAligner,CARRIER2.09
2022-11-22T17:06:16.441-07:00,147,2022-11-22 17:06:16.441,5.551,379.503,SubstrateLocation:1:Unoccupied-Occupied,Robot,CARRIER2.09
2022-11-22T17:06:16.972-07:00,149,2022-11-22 17:06:16.972,0.531,380.034,SubstrateLocation:1:Unoccupied-Occupied,ProcessChamber2,CARRIER2.09
2022-11-22T17:07:18.828-07:00,167,2022-11-22 17:07:18.828,61.856,441.890,SubstrateLocation:1:Unoccupied-Occupied,Robot,CARRIER2.09
2022-11-22T17:07:19.394-07:00,169,2022-11-22 17:07:19.394,0.566,442.456,SubstrateLocation:1:Unoccupied-Occupied,CARRIER2.09,CARRIER2.09
2022-11-22T17:06:17.506-07:00,151,2022-11-22 17:06:17.506,-61.888,380.568,SubstrateLocation:1:Unoccupied-Occupied,Robot,CARRIER2.10
2022-11-22T17:06:18.034-07:00,153,2022-11-22 17:06:18.034,0.528,381.096,SubstrateLocation:1:Unoccupied-Occupied,PreAligner,CARRIER2.10
2022-11-22T17:07:12.936-07:00,159,2022-11-22 17:07:12.936,54.902,435.998,SubstrateLocation:1:Unoccupied-Occupied,Robot,CARRIER2.10
2022-11-22T17:07:13.472-07:00,161,2022-11-22 17:07:13.472,0.536,436.534,SubstrateLocation:1:Unoccupied-Occupied,ProcessChamber1,CARRIER2.10
2022-11-22T17:08:15.368-07:00,179,2022-11-22 17:08:15.368,61.896,498.430,SubstrateLocation:1:Unoccupied-Occupied,Robot,CARRIER2.10
2022-11-22T17:08:15.897-07:00,181,2022-11-22 17:08:15.897,0.529,498.959,SubstrateLocation:1:Unoccupied-Occupied,CARRIER2.10,CARRIER2.10
2022-11-22T17:07:14.011-07:00,163,2022-11-22 17:07:14.011,-61.886,437.073,SubstrateLocation:1:Unoccupied-Occupied,Robot,CARRIER2.11
2022-11-22T17:07:14.549-07:00,165,2022-11-22 17:07:14.549,0.538,437.611,SubstrateLocation:1:Unoccupied-Occupied,PreAligner,CARRIER2.11
2022-11-22T17:07:20.099-07:00,171,2022-11-22 17:07:20.099,5.550,443.161,SubstrateLocation:1:Unoccupied-Occupied,Robot,CARRIER2.11
2022-11-22T17:07:20.645-07:00,173,2022-11-22 17:07:20.645,0.546,443.707,SubstrateLocation:1:Unoccupied-Occupied,ProcessChamber2,CARRIER2.11
2022-11-22T17:08:22.491-07:00,191,2022-11-22 17:08:22.491,61.846,505.553,SubstrateLocation:1:Unoccupied-Occupied,Robot,CARRIER2.11
2022-11-22T17:08:23.017-07:00,193,2022-11-22 17:08:23.017,0.526,506.079,SubstrateLocation:1:Unoccupied-Occupied,CARRIER2.11,CARRIER2.11
2022-11-22T17:07:21.190-07:00,175,2022-11-22 17:07:21.190,-61.827,444.252,SubstrateLocation:1:Unoccupied-Occupied,Robot,CARRIER2.12
2022-11-22T17:07:21.737-07:00,177,2022-11-22 17:07:21.737,0.547,444.799,SubstrateLocation:1:Unoccupied-Occupied,PreAligner,CARRIER2.12
2022-11-22T17:08:16.438-07:00,183,2022-11-22 17:08:16.438,54.701,499.500,SubstrateLocation:1:Unoccupied-Occupied,Robot,CARRIER2.12
2022-11-22T17:08:16.977-07:00,185,2022-11-22 17:08:16.977,0.539,500.039,SubstrateLocation:1:Unoccupied-Occupied,ProcessChamber1,CARRIER2.12
2022-11-22T17:09:18.452-07:00,203,2022-11-22 17:09:18.452,61.475,561.514,SubstrateLocation:1:Unoccupied-Occupied,Robot,CARRIER2.12
2022-11-22T17:09:18.981-07:00,205,2022-11-22 17:09:18.981,0.529,562.043,SubstrateLocation:1:Unoccupied-Occupied,CARRIER2.12,CARRIER2.12
2022-11-22T17:08:17.503-07:00,187,2022-11-22 17:08:17.503,-61.478,500.565,SubstrateLocation:1:Unoccupied-Occupied,Robot,CARRIER2.13
2022-11-22T17:08:18.032-07:00,189,2022-11-22 17:08:18.032,0.529,501.094,SubstrateLocation:1:Unoccupied-Occupied,PreAligner,CARRIER2.13
2022-11-22T17:08:23.563-07:00,195,2022-11-22 17:08:23.563,5.531,506.625,SubstrateLocation:1:Unoccupied-Occupied,Robot,CARRIER2.13
2022-11-22T17:08:24.091-07:00,197,2022-11-22 17:08:24.091,0.528,507.153,SubstrateLocation:1:Unoccupied-Occupied,ProcessChamber2,CARRIER2.13
2022-11-22T17:09:25.553-07:00,215,2022-11-22 17:09:25.553,61.462,568.615,SubstrateLocation:1:Unoccupied-Occupied,Robot,CARRIER2.13
2022-11-22T17:09:26.080-07:00,217,2022-11-22 17:09:26.080,0.527,569.142,SubstrateLocation:1:Unoccupied-Occupied,CARRIER2.13,CARRIER2.13
2022-11-22T17:08:24.616-07:00,199,2022-11-22 17:08:24.616,-61.464,507.678,SubstrateLocation:1:Unoccupied-Occupied,Robot,CARRIER2.14
2022-11-22T17:08:25.142-07:00,201,2022-11-22 17:08:25.142,0.526,508.204,SubstrateLocation:1:Unoccupied-Occupied,PreAligner,CARRIER2.14
2022-11-22T17:09:19.508-07:00,207,2022-11-22 17:09:19.508,54.366,562.570,SubstrateLocation:1:Unoccupied-Occupied,Robot,CARRIER2.14
2022-11-22T17:09:20.035-07:00,209,2022-11-22 17:09:20.035,0.527,563.097,SubstrateLocation:1:Unoccupied-Occupied,ProcessChamber1,CARRIER2.14
2022-11-22T17:10:21.514-07:00,227,2022-11-22 17:10:21.514,61.479,624.576,SubstrateLocation:1:Unoccupied-Occupied,Robot,CARRIER2.14
2022-11-22T17:10:22.040-07:00,229,2022-11-22 17:10:22.040,0.526,625.102,SubstrateLocation:1:Unoccupied-Occupied,CARRIER2.14,CARRIER2.14
2022-11-22T17:09:20.561-07:00,211,2022-11-22 17:09:20.561,-61.479,563.623,SubstrateLocation:1:Unoccupied-Occupied,Robot,CARRIER2.15
2022-11-22T17:09:21.089-07:00,213,2022-11-22 17:09:21.089,0.528,564.151,SubstrateLocation:1:Unoccupied-Occupied,PreAligner,CARRIER2.15
2022-11-22T17:09:26.621-07:00,219,2022-11-22 17:09:26.621,5.532,569.683,SubstrateLocation:1:Unoccupied-Occupied,Robot,CARRIER2.15
2022-11-22T17:09:27.147-07:00,221,2022-11-22 17:09:27.147,0.526,570.209,SubstrateLocation:1:Unoccupied-Occupied,ProcessChamber2,CARRIER2.15
2022-11-22T17:10:28.646-07:00,239,2022-11-22 17:10:28.646,61.499,631.708,SubstrateLocation:1:Unoccupied-Occupied,Robot,CARRIER2.15
2022-11-22T17:10:29.181-07:00,241,2022-11-22 17:10:29.181,0.535,632.243,SubstrateLocation:1:Unoccupied-Occupied,CARRIER2.15,CARRIER2.15
2022-11-22T17:09:27.677-07:00,223,2022-11-22 17:09:27.677,-61.504,570.739,SubstrateLocation:1:Unoccupied-Occupied,Robot,CARRIER2.16
2022-11-22T17:09:28.202-07:00,225,2022-11-22 17:09:28.202,0.525,571.264,SubstrateLocation:1:Unoccupied-Occupied,PreAligner,CARRIER2.16
2022-11-22T17:10:22.569-07:00,231,2022-11-22 17:10:22.569,54.367,625.631,SubstrateLocation:1:Unoccupied-Occupied,Robot,CARRIER2.16
2022-11-22T17:10:23.100-07:00,233,2022-11-22 17:10:23.100,0.531,626.162,SubstrateLocation:1:Unoccupied-Occupied,ProcessChamber1,CARRIER2.16
2022-11-22T17:11:24.672-07:00,251,2022-11-22 17:11:24.672,61.572,687.734,SubstrateLocation:1:Unoccupied-Occupied,Robot,CARRIER2.16
2022-11-22T17:11:25.216-07:00,253,2022-11-22 17:11:25.216,0.544,688.278,SubstrateLocation:1:Unoccupied-Occupied,CARRIER2.16,CARRIER2.16
2022-11-22T17:10:23.638-07:00,235,2022-11-22 17:10:23.638,-61.578,626.700,SubstrateLocation:1:Unoccupied-Occupied,Robot,CARRIER2.17
2022-11-22T17:10:24.173-07:00,237,2022-11-22 17:10:24.173,0.535,627.235,SubstrateLocation:1:Unoccupied-Occupied,PreAligner,CARRIER2.17
2022-11-22T17:10:29.710-07:00,243,2022-11-22 17:10:29.710,5.537,632.772,SubstrateLocation:1:Unoccupied-Occupied,Robot,CARRIER2.17
2022-11-22T17:10:30.244-07:00,245,2022-11-22 17:10:30.244,0.534,633.306,SubstrateLocation:1:Unoccupied-Occupied,ProcessChamber2,CARRIER2.17
2022-11-22T17:11:31.930-07:00,263,2022-11-22 17:11:31.930,61.686,694.992,SubstrateLocation:1:Unoccupied-Occupied,Robot,CARRIER2.17
2022-11-22T17:11:32.459-07:00,265,2022-11-22 17:11:32.459,0.529,695.521,SubstrateLocation:1:Unoccupied-Occupied,CARRIER2.17,CARRIER2.17
2022-11-22T17:10:30.778-07:00,247,2022-11-22 17:10:30.778,-61.681,633.840,SubstrateLocation:1:Unoccupied-Occupied,Robot,CARRIER2.18
2022-11-22T17:10:31.313-07:00,249,2022-11-22 17:10:31.313,0.535,634.375,SubstrateLocation:1:Unoccupied-Occupied,PreAligner,CARRIER2.18
2022-11-22T17:11:25.759-07:00,255,2022-11-22 17:11:25.759,54.446,688.821,SubstrateLocation:1:Unoccupied-Occupied,Robot,CARRIER2.18
2022-11-22T17:11:26.285-07:00,257,2022-11-22 17:11:26.285,0.526,689.347,SubstrateLocation:1:Unoccupied-Occupied,ProcessChamber1,CARRIER2.18
2022-11-22T17:12:27.870-07:00,275,2022-11-22 17:12:27.870,61.585,750.932,SubstrateLocation:1:Unoccupied-Occupied,Robot,CARRIER2.18
2022-11-22T17:12:28.403-07:00,277,2022-11-22 17:12:28.403,0.533,751.465,SubstrateLocation:1:Unoccupied-Occupied,CARRIER2.18,CARRIER2.18
2022-11-22T17:11:26.817-07:00,259,2022-11-22 17:11:26.817,-61.586,689.879,SubstrateLocation:1:Unoccupied-Occupied,Robot,CARRIER2.19
2022-11-22T17:11:27.344-07:00,261,2022-11-22 17:11:27.344,0.527,690.406,SubstrateLocation:1:Unoccupied-Occupied,PreAligner,CARRIER2.19
2022-11-22T17:11:32.991-07:00,267,2022-11-22 17:11:32.991,5.647,696.053,SubstrateLocation:1:Unoccupied-Occupied,Robot,CARRIER2.19
2022-11-22T17:11:33.522-07:00,269,2022-11-22 17:11:33.522,0.531,696.584,SubstrateLocation:1:Unoccupied-Occupied,ProcessChamber2,CARRIER2.19
2022-11-22T17:12:35.024-07:00,287,2022-11-22 17:12:35.024,61.502,758.086,SubstrateLocation:1:Unoccupied-Occupied,Robot,CARRIER2.19
2022-11-22T17:12:35.571-07:00,289,2022-11-22 17:12:35.571,0.547,758.633,SubstrateLocation:1:Unoccupied-Occupied,CARRIER2.19,CARRIER2.19
2022-11-22T17:11:34.053-07:00,271,2022-11-22 17:11:34.053,-61.518,697.115,SubstrateLocation:1:Unoccupied-Occupied,Robot,CARRIER2.20
2022-11-22T17:11:34.584-07:00,273,2022-11-22 17:11:34.584,0.531,697.646,SubstrateLocation:1:Unoccupied-Occupied,PreAligner,CARRIER2.20
2022-11-22T17:12:28.934-07:00,279,2022-11-22 17:12:28.934,54.350,751.996,SubstrateLocation:1:Unoccupied-Occupied,Robot,CARRIER2.20
2022-11-22T17:12:29.465-07:00,281,2022-11-22 17:12:29.465,0.531,752.527,SubstrateLocation:1:Unoccupied-Occupied,ProcessChamber1,CARRIER2.20
2022-11-22T17:13:30.962-07:00,299,2022-11-22 17:13:30.962,61.497,814.024,SubstrateLocation:1:Unoccupied-Occupied,Robot,CARRIER2.20
2022-11-22T17:13:31.494-07:00,301,2022-11-22 17:13:31.494,0.532,814.556,SubstrateLocation:1:Unoccupied-Occupied,CARRIER2.20,CARRIER2.20
2022-11-22T17:12:29.999-07:00,283,2022-11-22 17:12:29.999,-61.495,753.061,SubstrateLocation:1:Unoccupied-Occupied,Robot,CARRIER2.21
2022-11-22T17:12:30.542-07:00,285,2022-11-22 17:12:30.542,0.543,753.604,SubstrateLocation:1:Unoccupied-Occupied,PreAligner,CARRIER2.21
2022-11-22T17:12:36.105-07:00,291,2022-11-22 17:12:36.105,5.563,759.167,SubstrateLocation:1:Unoccupied-Occupied,Robot,CARRIER2.21
2022-11-22T17:12:36.638-07:00,293,2022-11-22 17:12:36.638,0.533,759.700,SubstrateLocation:1:Unoccupied-Occupied,ProcessChamber2,CARRIER2.21
2022-11-22T17:13:38.113-07:00,311,2022-11-22 17:13:38.113,61.475,821.175,SubstrateLocation:1:Unoccupied-Occupied,Robot,CARRIER2.21
2022-11-22T17:13:38.644-07:00,313,2022-11-22 17:13:38.644,0.531,821.706,SubstrateLocation:1:Unoccupied-Occupied,CARRIER2.21,CARRIER2.21
2022-11-22T17:12:37.172-07:00,295,2022-11-22 17:12:37.172,-61.472,760.234,SubstrateLocation:1:Unoccupied-Occupied,Robot,CARRIER2.22
2022-11-22T17:12:37.701-07:00,297,2022-11-22 17:12:37.701,0.529,760.763,SubstrateLocation:1:Unoccupied-Occupied,PreAligner,CARRIER2.22
2022-11-22T17:13:32.021-07:00,303,2022-11-22 17:13:32.021,54.320,815.083,SubstrateLocation:1:Unoccupied-Occupied,Robot,CARRIER2.22
2022-11-22T17:13:32.548-07:00,305,2022-11-22 17:13:32.548,0.527,815.610,SubstrateLocation:1:Unoccupied-Occupied,ProcessChamber1,CARRIER2.22
2022-11-22T17:14:34.048-07:00,323,2022-11-22 17:14:34.048,61.500,877.110,SubstrateLocation:1:Unoccupied-Occupied,Robot,CARRIER2.22
2022-11-22T17:14:34.581-07:00,325,2022-11-22 17:14:34.581,0.533,877.643,SubstrateLocation:1:Unoccupied-Occupied,CARRIER2.22,CARRIER2.22
2022-11-22T17:13:33.080-07:00,307,2022-11-22 17:13:33.080,-61.501,816.142,SubstrateLocation:1:Unoccupied-Occupied,Robot,CARRIER2.23
2022-11-22T17:13:33.608-07:00,309,2022-11-22 17:13:33.608,0.528,816.670,SubstrateLocation:1:Unoccupied-Occupied,PreAligner,CARRIER2.23
2022-11-22T17:13:39.180-07:00,315,2022-11-22 17:13:39.180,5.572,822.242,SubstrateLocation:1:Unoccupied-Occupied,Robot,CARRIER2.23
2022-11-22T17:13:39.706-07:00,317,2022-11-22 17:13:39.706,0.526,822.768,SubstrateLocation:1:Unoccupied-Occupied,ProcessChamber2,CARRIER2.23
2022-11-22T17:14:41.197-07:00,335,2022-11-22 17:14:41.197,61.491,884.259,SubstrateLocation:1:Unoccupied-Occupied,Robot,CARRIER2.23
2022-11-22T17:14:41.727-07:00,337,2022-11-22 17:14:41.727,0.530,884.789,SubstrateLocation:1:Unoccupied-Occupied,CARRIER2.23,CARRIER2.23
2022-11-22T17:13:40.235-07:00,319,2022-11-22 17:13:40.235,-61.492,823.297,SubstrateLocation:1:Unoccupied-Occupied,Robot,CARRIER2.24
2022-11-22T17:13:40.763-07:00,321,2022-11-22 17:13:40.763,0.528,823.825,SubstrateLocation:1:Unoccupied-Occupied,PreAligner,CARRIER2.24
2022-11-22T17:14:35.116-07:00,327,2022-11-22 17:14:35.116,54.353,878.178,SubstrateLocation:1:Unoccupied-Occupied,Robot,CARRIER2.24
2022-11-22T17:14:35.644-07:00,329,2022-11-22 17:14:35.644,0.528,878.706,SubstrateLocation:1:Unoccupied-Occupied,ProcessChamber1,CARRIER2.24
2022-11-22T17:15:37.148-07:00,343,2022-11-22 17:15:37.148,61.504,940.210,SubstrateLocation:1:Unoccupied-Occupied,Robot,CARRIER2.24
2022-11-22T17:15:37.675-07:00,345,2022-11-22 17:15:37.675,0.527,940.737,SubstrateLocation:1:Unoccupied-Occupied,CARRIER2.24,CARRIER2.24
2022-11-22T17:14:36.174-07:00,331,2022-11-22 17:14:36.174,-61.501,879.236,SubstrateLocation:1:Unoccupied-Occupied,Robot,CARRIER2.25
2022-11-22T17:14:36.702-07:00,333,2022-11-22 17:14:36.702,0.528,879.764,SubstrateLocation:1:Unoccupied-Occupied,PreAligner,CARRIER2.25
2022-11-22T17:14:42.264-07:00,339,2022-11-22 17:14:42.264,5.562,885.326,SubstrateLocation:1:Unoccupied-Occupied,Robot,CARRIER2.25
2022-11-22T17:14:42.791-07:00,341,2022-11-22 17:14:42.791,0.527,885.853,SubstrateLocation:1:Unoccupied-Occupied,ProcessChamber2,CARRIER2.25
2022-11-22T17:15:44.369-07:00,347,2022-11-22 17:15:44.369,61.578,947.431,SubstrateLocation:1:Unoccupied-Occupied,Robot,CARRIER2.25
2022-11-22T17:15:44.897-07:00,349,2022-11-22 17:15:44.897,0.528,947.959,SubstrateLocation:1:Unoccupied-Occupied,CARRIER2.25,CARRIER2.25
2022-11-22T16:59:56.938-07:00,0,2022-11-22 16:59:56.938,0.000,0,SubstrateLocation:2:Occupied-Unoccupied,Robot,
2022-11-22T16:59:57.468-07:00,2,2022-11-22 16:59:57.468,0.530,0.530,SubstrateLocation:2:Occupied-Unoccupied,PreAligner,
2022-11-22T16:59:58.000-07:00,4,2022-11-22 16:59:58.000,0.532,1.062,SubstrateLocation:2:Occupied-Unoccupied,Robot,
2022-11-22T16:59:58.527-07:00,6,2022-11-22 16:59:58.527,0.527,1.589,SubstrateLocation:2:Occupied-Unoccupied,CARRIER1.23,
2022-11-22T16:59:59.056-07:00,8,2022-11-22 16:59:59.056,0.529,2.118,SubstrateLocation:2:Occupied-Unoccupied,Robot,
2022-11-22T17:00:52.349-07:00,10,2022-11-22 17:00:52.349,53.293,55.411,SubstrateLocation:2:Occupied-Unoccupied,ProcessChamber1,
2022-11-22T17:00:52.880-07:00,12,2022-11-22 17:00:52.880,0.531,55.942,SubstrateLocation:2:Occupied-Unoccupied,Robot,
2022-11-22T17:00:53.411-07:00,14,2022-11-22 17:00:53.411,0.531,56.473,SubstrateLocation:2:Occupied-Unoccupied,PreAligner,
2022-11-22T17:00:53.952-07:00,16,2022-11-22 17:00:53.952,0.541,57.014,SubstrateLocation:2:Occupied-Unoccupied,Robot,
2022-11-22T17:00:54.485-07:00,18,2022-11-22 17:00:54.485,0.533,57.547,SubstrateLocation:2:Occupied-Unoccupied,CARRIER1.24,
2022-11-22T17:00:55.018-07:00,20,2022-11-22 17:00:55.018,0.533,58.080,SubstrateLocation:2:Occupied-Unoccupied,Robot,
2022-11-22T17:00:59.462-07:00,22,2022-11-22 17:00:59.462,4.444,62.524,SubstrateLocation:2:Occupied-Unoccupied,ProcessChamber2,
2022-11-22T17:00:59.991-07:00,24,2022-11-22 17:00:59.991,0.529,63.053,SubstrateLocation:2:Occupied-Unoccupied,Robot,
2022-11-22T17:01:00.556-07:00,26,2022-11-22 17:01:00.556,0.565,63.618,SubstrateLocation:2:Occupied-Unoccupied,PreAligner,
2022-11-22T17:01:01.100-07:00,28,2022-11-22 17:01:01.100,0.544,64.162,SubstrateLocation:2:Occupied-Unoccupied,Robot,
2022-11-22T17:01:01.630-07:00,30,2022-11-22 17:01:01.630,0.530,64.692,SubstrateLocation:2:Occupied-Unoccupied,CARRIER1.25,
2022-11-22T17:01:02.161-07:00,32,2022-11-22 17:01:02.161,0.531,65.223,SubstrateLocation:2:Occupied-Unoccupied,Robot,
2022-11-22T17:01:55.479-07:00,34,2022-11-22 17:01:55.479,53.318,118.541,SubstrateLocation:2:Occupied-Unoccupied,ProcessChamber1,
2022-11-22T17:01:56.010-07:00,36,2022-11-22 17:01:56.010,0.531,119.072,SubstrateLocation:2:Occupied-Unoccupied,Robot,
2022-11-22T17:01:56.544-07:00,38,2022-11-22 17:01:56.544,0.534,119.606,SubstrateLocation:2:Occupied-Unoccupied,PreAligner,
2022-11-22T17:01:57.078-07:00,40,2022-11-22 17:01:57.078,0.534,120.140,SubstrateLocation:2:Occupied-Unoccupied,Robot,
2022-11-22T17:01:57.608-07:00,42,2022-11-22 17:01:57.608,0.530,120.670,SubstrateLocation:2:Occupied-Unoccupied,CARRIER2.01,
2022-11-22T17:01:58.140-07:00,44,2022-11-22 17:01:58.140,0.532,121.202,SubstrateLocation:2:Occupied-Unoccupied,Robot,
2022-11-22T17:02:02.592-07:00,46,2022-11-22 17:02:02.592,4.452,125.654,SubstrateLocation:2:Occupied-Unoccupied,ProcessChamber2,
2022-11-22T17:02:03.122-07:00,48,2022-11-22 17:02:03.122,0.530,126.184,SubstrateLocation:2:Occupied-Unoccupied,Robot,
2022-11-22T17:02:03.676-07:00,50,2022-11-22 17:02:03.676,0.554,126.738,SubstrateLocation:2:Occupied-Unoccupied,PreAligner,
2022-11-22T17:02:04.207-07:00,52,2022-11-22 17:02:04.207,0.531,127.269,SubstrateLocation:2:Occupied-Unoccupied,Robot,
2022-11-22T17:02:04.739-07:00,54,2022-11-22 17:02:04.739,0.532,127.801,SubstrateLocation:2:Occupied-Unoccupied,CARRIER2.02,
2022-11-22T17:02:05.272-07:00,56,2022-11-22 17:02:05.272,0.533,128.334,SubstrateLocation:2:Occupied-Unoccupied,Robot,
2022-11-22T17:02:58.611-07:00,58,2022-11-22 17:02:58.611,53.339,181.673,SubstrateLocation:2:Occupied-Unoccupied,ProcessChamber1,
2022-11-22T17:02:59.143-07:00,60,2022-11-22 17:02:59.143,0.532,182.205,SubstrateLocation:2:Occupied-Unoccupied,Robot,
2022-11-22T17:02:59.781-07:00,62,2022-11-22 17:02:59.781,0.638,182.843,SubstrateLocation:2:Occupied-Unoccupied,PreAligner,
2022-11-22T17:03:00.317-07:00,64,2022-11-22 17:03:00.317,0.536,183.379,SubstrateLocation:2:Occupied-Unoccupied,Robot,
2022-11-22T17:03:00.855-07:00,66,2022-11-22 17:03:00.855,0.538,183.917,SubstrateLocation:2:Occupied-Unoccupied,CARRIER2.03,
2022-11-22T17:03:01.385-07:00,68,2022-11-22 17:03:01.385,0.530,184.447,SubstrateLocation:2:Occupied-Unoccupied,Robot,
2022-11-22T17:03:05.844-07:00,70,2022-11-22 17:03:05.844,4.459,188.906,SubstrateLocation:2:Occupied-Unoccupied,ProcessChamber2,
2022-11-22T17:03:06.371-07:00,72,2022-11-22 17:03:06.371,0.527,189.433,SubstrateLocation:2:Occupied-Unoccupied,Robot,
2022-11-22T17:03:06.933-07:00,74,2022-11-22 17:03:06.933,0.562,189.995,SubstrateLocation:2:Occupied-Unoccupied,PreAligner,
2022-11-22T17:03:07.462-07:00,76,2022-11-22 17:03:07.462,0.529,190.524,SubstrateLocation:2:Occupied-Unoccupied,Robot,
2022-11-22T17:03:07.990-07:00,78,2022-11-22 17:03:07.990,0.528,191.052,SubstrateLocation:2:Occupied-Unoccupied,CARRIER2.04,
2022-11-22T17:03:08.518-07:00,80,2022-11-22 17:03:08.518,0.528,191.580,SubstrateLocation:2:Occupied-Unoccupied,Robot,
2022-11-22T17:04:01.813-07:00,82,2022-11-22 17:04:01.813,53.295,244.875,SubstrateLocation:2:Occupied-Unoccupied,ProcessChamber1,
2022-11-22T17:04:02.340-07:00,84,2022-11-22 17:04:02.340,0.527,245.402,SubstrateLocation:2:Occupied-Unoccupied,Robot,
2022-11-22T17:04:02.867-07:00,86,2022-11-22 17:04:02.867,0.527,245.929,SubstrateLocation:2:Occupied-Unoccupied,PreAligner,
2022-11-22T17:04:03.398-07:00,88,2022-11-22 17:04:03.398,0.531,246.460,SubstrateLocation:2:Occupied-Unoccupied,Robot,
2022-11-22T17:04:03.925-07:00,90,2022-11-22 17:04:03.925,0.527,246.987,SubstrateLocation:2:Occupied-Unoccupied,CARRIER2.05,
2022-11-22T17:04:04.452-07:00,92,2022-11-22 17:04:04.452,0.527,247.514,SubstrateLocation:2:Occupied-Unoccupied,Robot,
2022-11-22T17:04:08.947-07:00,94,2022-11-22 17:04:08.947,4.495,252.009,SubstrateLocation:2:Occupied-Unoccupied,ProcessChamber2,
2022-11-22T17:04:09.474-07:00,96,2022-11-22 17:04:09.474,0.527,252.536,SubstrateLocation:2:Occupied-Unoccupied,Robot,
2022-11-22T17:04:10.006-07:00,98,2022-11-22 17:04:10.006,0.532,253.068,SubstrateLocation:2:Occupied-Unoccupied,PreAligner,
2022-11-22T17:04:10.533-07:00,100,2022-11-22 17:04:10.533,0.527,253.595,SubstrateLocation:2:Occupied-Unoccupied,Robot,
2022-11-22T17:04:11.060-07:00,102,2022-11-22 17:04:11.060,0.527,254.122,SubstrateLocation:2:Occupied-Unoccupied,CARRIER2.06,
2022-11-22T17:04:11.588-07:00,104,2022-11-22 17:04:11.588,0.528,254.650,SubstrateLocation:2:Occupied-Unoccupied,Robot,
2022-11-22T17:05:04.853-07:00,106,2022-11-22 17:05:04.853,53.265,307.915,SubstrateLocation:2:Occupied-Unoccupied,ProcessChamber1,
2022-11-22T17:05:05.381-07:00,108,2022-11-22 17:05:05.381,0.528,308.443,SubstrateLocation:2:Occupied-Unoccupied,Robot,
2022-11-22T17:05:05.909-07:00,110,2022-11-22 17:05:05.909,0.528,308.971,SubstrateLocation:2:Occupied-Unoccupied,PreAligner,
2022-11-22T17:05:06.437-07:00,112,2022-11-22 17:05:06.437,0.528,309.499,SubstrateLocation:2:Occupied-Unoccupied,Robot,
2022-11-22T17:05:06.967-07:00,114,2022-11-22 17:05:06.967,0.530,310.029,SubstrateLocation:2:Occupied-Unoccupied,CARRIER2.07,
2022-11-22T17:05:07.498-07:00,116,2022-11-22 17:05:07.498,0.531,310.560,SubstrateLocation:2:Occupied-Unoccupied,Robot,
2022-11-22T17:05:11.977-07:00,118,2022-11-22 17:05:11.977,4.479,315.039,SubstrateLocation:2:Occupied-Unoccupied,ProcessChamber2,
2022-11-22T17:05:12.504-07:00,120,2022-11-22 17:05:12.504,0.527,315.566,SubstrateLocation:2:Occupied-Unoccupied,Robot,
2022-11-22T17:05:13.033-07:00,122,2022-11-22 17:05:13.033,0.529,316.095,SubstrateLocation:2:Occupied-Unoccupied,PreAligner,
2022-11-22T17:05:13.561-07:00,124,2022-11-22 17:05:13.561,0.528,316.623,SubstrateLocation:2:Occupied-Unoccupied,Robot,
2022-11-22T17:05:14.088-07:00,126,2022-11-22 17:05:14.088,0.527,317.150,SubstrateLocation:2:Occupied-Unoccupied,CARRIER2.08,
2022-11-22T17:05:14.615-07:00,128,2022-11-22 17:05:14.615,0.527,317.677,SubstrateLocation:2:Occupied-Unoccupied,Robot,
2022-11-22T17:06:08.124-07:00,130,2022-11-22 17:06:08.124,53.509,371.186,SubstrateLocation:2:Occupied-Unoccupied,ProcessChamber1,
2022-11-22T17:06:08.666-07:00,132,2022-11-22 17:06:08.666,0.542,371.728,SubstrateLocation:2:Occupied-Unoccupied,Robot,
2022-11-22T17:06:09.205-07:00,134,2022-11-22 17:06:09.205,0.539,372.267,SubstrateLocation:2:Occupied-Unoccupied,PreAligner,
2022-11-22T17:06:09.762-07:00,136,2022-11-22 17:06:09.762,0.557,372.824,SubstrateLocation:2:Occupied-Unoccupied,Robot,
2022-11-22T17:06:10.303-07:00,138,2022-11-22 17:06:10.303,0.541,373.365,SubstrateLocation:2:Occupied-Unoccupied,CARRIER2.09,
2022-11-22T17:06:10.853-07:00,140,2022-11-22 17:06:10.853,0.550,373.915,SubstrateLocation:2:Occupied-Unoccupied,Robot,
2022-11-22T17:06:15.324-07:00,142,2022-11-22 17:06:15.324,4.471,378.386,SubstrateLocation:2:Occupied-Unoccupied,ProcessChamber2,
2022-11-22T17:06:15.867-07:00,144,2022-11-22 17:06:15.867,0.543,378.929,SubstrateLocation:2:Occupied-Unoccupied,Robot,
2022-11-22T17:06:16.418-07:00,146,2022-11-22 17:06:16.418,0.551,379.480,SubstrateLocation:2:Occupied-Unoccupied,PreAligner,
2022-11-22T17:06:16.952-07:00,148,2022-11-22 17:06:16.952,0.534,380.014,SubstrateLocation:2:Occupied-Unoccupied,Robot,
2022-11-22T17:06:17.485-07:00,150,2022-11-22 17:06:17.485,0.533,380.547,SubstrateLocation:2:Occupied-Unoccupied,CARRIER2.10,
2022-11-22T17:06:18.017-07:00,152,2022-11-22 17:06:18.017,0.532,381.079,SubstrateLocation:2:Occupied-Unoccupied,Robot,
2022-11-22T17:07:11.830-07:00,154,2022-11-22 17:07:11.830,53.813,434.892,SubstrateLocation:2:Occupied-Unoccupied,ProcessChamber1,
2022-11-22T17:07:12.378-07:00,156,2022-11-22 17:07:12.378,0.548,435.440,SubstrateLocation:2:Occupied-Unoccupied,Robot,
2022-11-22T17:07:12.911-07:00,158,2022-11-22 17:07:12.911,0.533,435.973,SubstrateLocation:2:Occupied-Unoccupied,PreAligner,
2022-11-22T17:07:13.448-07:00,160,2022-11-22 17:07:13.448,0.537,436.510,SubstrateLocation:2:Occupied-Unoccupied,Robot,
2022-11-22T17:07:13.985-07:00,162,2022-11-22 17:07:13.985,0.537,437.047,SubstrateLocation:2:Occupied-Unoccupied,CARRIER2.11,
2022-11-22T17:07:14.523-07:00,164,2022-11-22 17:07:14.523,0.538,437.585,SubstrateLocation:2:Occupied-Unoccupied,Robot,
2022-11-22T17:07:18.797-07:00,166,2022-11-22 17:07:18.797,4.274,441.859,SubstrateLocation:2:Occupied-Unoccupied,ProcessChamber2,
2022-11-22T17:07:19.342-07:00,168,2022-11-22 17:07:19.342,0.545,442.404,SubstrateLocation:2:Occupied-Unoccupied,Robot,
2022-11-22T17:07:20.067-07:00,170,2022-11-22 17:07:20.067,0.725,443.129,SubstrateLocation:2:Occupied-Unoccupied,PreAligner,
2022-11-22T17:07:20.613-07:00,172,2022-11-22 17:07:20.613,0.546,443.675,SubstrateLocation:2:Occupied-Unoccupied,Robot,
2022-11-22T17:07:21.159-07:00,174,2022-11-22 17:07:21.159,0.546,444.221,SubstrateLocation:2:Occupied-Unoccupied,CARRIER2.12,
2022-11-22T17:07:21.705-07:00,176,2022-11-22 17:07:21.705,0.546,444.767,SubstrateLocation:2:Occupied-Unoccupied,Robot,
2022-11-22T17:08:15.350-07:00,178,2022-11-22 17:08:15.350,53.645,498.412,SubstrateLocation:2:Occupied-Unoccupied,ProcessChamber1,
2022-11-22T17:08:15.879-07:00,180,2022-11-22 17:08:15.879,0.529,498.941,SubstrateLocation:2:Occupied-Unoccupied,Robot,
2022-11-22T17:08:16.406-07:00,182,2022-11-22 17:08:16.406,0.527,499.468,SubstrateLocation:2:Occupied-Unoccupied,PreAligner,
2022-11-22T17:08:16.951-07:00,184,2022-11-22 17:08:16.951,0.545,500.013,SubstrateLocation:2:Occupied-Unoccupied,Robot,
2022-11-22T17:08:17.485-07:00,186,2022-11-22 17:08:17.485,0.534,500.547,SubstrateLocation:2:Occupied-Unoccupied,CARRIER2.13,
2022-11-22T17:08:18.012-07:00,188,2022-11-22 17:08:18.012,0.527,501.074,SubstrateLocation:2:Occupied-Unoccupied,Robot,
2022-11-22T17:08:22.473-07:00,190,2022-11-22 17:08:22.473,4.461,505.535,SubstrateLocation:2:Occupied-Unoccupied,ProcessChamber2,
2022-11-22T17:08:22.999-07:00,192,2022-11-22 17:08:22.999,0.526,506.061,SubstrateLocation:2:Occupied-Unoccupied,Robot,
2022-11-22T17:08:23.545-07:00,194,2022-11-22 17:08:23.545,0.546,506.607,SubstrateLocation:2:Occupied-Unoccupied,PreAligner,
2022-11-22T17:08:24.070-07:00,196,2022-11-22 17:08:24.070,0.525,507.132,SubstrateLocation:2:Occupied-Unoccupied,Robot,
2022-11-22T17:08:24.599-07:00,198,2022-11-22 17:08:24.599,0.529,507.661,SubstrateLocation:2:Occupied-Unoccupied,CARRIER2.14,
2022-11-22T17:08:25.124-07:00,200,2022-11-22 17:08:25.124,0.525,508.186,SubstrateLocation:2:Occupied-Unoccupied,Robot,
2022-11-22T17:09:18.435-07:00,202,2022-11-22 17:09:18.435,53.311,561.497,SubstrateLocation:2:Occupied-Unoccupied,ProcessChamber1,
2022-11-22T17:09:18.962-07:00,204,2022-11-22 17:09:18.962,0.527,562.024,SubstrateLocation:2:Occupied-Unoccupied,Robot,
2022-11-22T17:09:19.490-07:00,206,2022-11-22 17:09:19.490,0.528,562.552,SubstrateLocation:2:Occupied-Unoccupied,PreAligner,
2022-11-22T17:09:20.016-07:00,208,2022-11-22 17:09:20.016,0.526,563.078,SubstrateLocation:2:Occupied-Unoccupied,Robot,
2022-11-22T17:09:20.544-07:00,210,2022-11-22 17:09:20.544,0.528,563.606,SubstrateLocation:2:Occupied-Unoccupied,CARRIER2.15,
2022-11-22T17:09:21.069-07:00,212,2022-11-22 17:09:21.069,0.525,564.131,SubstrateLocation:2:Occupied-Unoccupied,Robot,
2022-11-22T17:09:25.533-07:00,214,2022-11-22 17:09:25.533,4.464,568.595,SubstrateLocation:2:Occupied-Unoccupied,ProcessChamber2,
2022-11-22T17:09:26.062-07:00,216,2022-11-22 17:09:26.062,0.529,569.124,SubstrateLocation:2:Occupied-Unoccupied,Robot,
2022-11-22T17:09:26.602-07:00,218,2022-11-22 17:09:26.602,0.540,569.664,SubstrateLocation:2:Occupied-Unoccupied,PreAligner,
2022-11-22T17:09:27.129-07:00,220,2022-11-22 17:09:27.129,0.527,570.191,SubstrateLocation:2:Occupied-Unoccupied,Robot,
2022-11-22T17:09:27.659-07:00,222,2022-11-22 17:09:27.659,0.530,570.721,SubstrateLocation:2:Occupied-Unoccupied,CARRIER2.16,
2022-11-22T17:09:28.184-07:00,224,2022-11-22 17:09:28.184,0.525,571.246,SubstrateLocation:2:Occupied-Unoccupied,Robot,
2022-11-22T17:10:21.494-07:00,226,2022-11-22 17:10:21.494,53.310,624.556,SubstrateLocation:2:Occupied-Unoccupied,ProcessChamber1,
2022-11-22T17:10:22.023-07:00,228,2022-11-22 17:10:22.023,0.529,625.085,SubstrateLocation:2:Occupied-Unoccupied,Robot,
2022-11-22T17:10:22.549-07:00,230,2022-11-22 17:10:22.549,0.526,625.611,SubstrateLocation:2:Occupied-Unoccupied,PreAligner,
2022-11-22T17:10:23.078-07:00,232,2022-11-22 17:10:23.078,0.529,626.140,SubstrateLocation:2:Occupied-Unoccupied,Robot,
2022-11-22T17:10:23.611-07:00,234,2022-11-22 17:10:23.611,0.533,626.673,SubstrateLocation:2:Occupied-Unoccupied,CARRIER2.17,
2022-11-22T17:10:24.149-07:00,236,2022-11-22 17:10:24.149,0.538,627.211,SubstrateLocation:2:Occupied-Unoccupied,Robot,
2022-11-22T17:10:28.624-07:00,238,2022-11-22 17:10:28.624,4.475,631.686,SubstrateLocation:2:Occupied-Unoccupied,ProcessChamber2,
2022-11-22T17:10:29.159-07:00,240,2022-11-22 17:10:29.159,0.535,632.221,SubstrateLocation:2:Occupied-Unoccupied,Robot,
2022-11-22T17:10:29.692-07:00,242,2022-11-22 17:10:29.692,0.533,632.754,SubstrateLocation:2:Occupied-Unoccupied,PreAligner,
2022-11-22T17:10:30.219-07:00,244,2022-11-22 17:10:30.219,0.527,633.281,SubstrateLocation:2:Occupied-Unoccupied,Robot,
2022-11-22T17:10:30.757-07:00,246,2022-11-22 17:10:30.757,0.538,633.819,SubstrateLocation:2:Occupied-Unoccupied,CARRIER2.18,
2022-11-22T17:10:31.290-07:00,248,2022-11-22 17:10:31.290,0.533,634.352,SubstrateLocation:2:Occupied-Unoccupied,Robot,
2022-11-22T17:11:24.652-07:00,250,2022-11-22 17:11:24.652,53.362,687.714,SubstrateLocation:2:Occupied-Unoccupied,ProcessChamber1,
2022-11-22T17:11:25.182-07:00,252,2022-11-22 17:11:25.182,0.530,688.244,SubstrateLocation:2:Occupied-Unoccupied,Robot,
2022-11-22T17:11:25.732-07:00,254,2022-11-22 17:11:25.732,0.550,688.794,SubstrateLocation:2:Occupied-Unoccupied,PreAligner,
2022-11-22T17:11:26.268-07:00,256,2022-11-22 17:11:26.268,0.536,689.330,SubstrateLocation:2:Occupied-Unoccupied,Robot,
2022-11-22T17:11:26.795-07:00,258,2022-11-22 17:11:26.795,0.527,689.857,SubstrateLocation:2:Occupied-Unoccupied,CARRIER2.19,
2022-11-22T17:11:27.328-07:00,260,2022-11-22 17:11:27.328,0.533,690.390,SubstrateLocation:2:Occupied-Unoccupied,Robot,
2022-11-22T17:11:31.913-07:00,262,2022-11-22 17:11:31.913,4.585,694.975,SubstrateLocation:2:Occupied-Unoccupied,ProcessChamber2,
2022-11-22T17:11:32.440-07:00,264,2022-11-22 17:11:32.440,0.527,695.502,SubstrateLocation:2:Occupied-Unoccupied,Robot,
2022-11-22T17:11:32.968-07:00,266,2022-11-22 17:11:32.968,0.528,696.030,SubstrateLocation:2:Occupied-Unoccupied,PreAligner,
2022-11-22T17:11:33.500-07:00,268,2022-11-22 17:11:33.500,0.532,696.562,SubstrateLocation:2:Occupied-Unoccupied,Robot,
2022-11-22T17:11:34.034-07:00,270,2022-11-22 17:11:34.034,0.534,697.096,SubstrateLocation:2:Occupied-Unoccupied,CARRIER2.20,
2022-11-22T17:11:34.564-07:00,272,2022-11-22 17:11:34.564,0.530,697.626,SubstrateLocation:2:Occupied-Unoccupied,Robot,
2022-11-22T17:12:27.825-07:00,274,2022-11-22 17:12:27.825,53.261,750.887,SubstrateLocation:2:Occupied-Unoccupied,ProcessChamber1,
2022-11-22T17:12:28.383-07:00,276,2022-11-22 17:12:28.383,0.558,751.445,SubstrateLocation:2:Occupied-Unoccupied,Robot,
2022-11-22T17:12:28.914-07:00,278,2022-11-22 17:12:28.914,0.531,751.976,SubstrateLocation:2:Occupied-Unoccupied,PreAligner,
2022-11-22T17:12:29.444-07:00,280,2022-11-22 17:12:29.444,0.530,752.506,SubstrateLocation:2:Occupied-Unoccupied,Robot,
2022-11-22T17:12:29.975-07:00,282,2022-11-22 17:12:29.975,0.531,753.037,SubstrateLocation:2:Occupied-Unoccupied,CARRIER2.21,
2022-11-22T17:12:30.515-07:00,284,2022-11-22 17:12:30.515,0.540,753.577,SubstrateLocation:2:Occupied-Unoccupied,Robot,
2022-11-22T17:12:35.001-07:00,286,2022-11-22 17:12:35.001,4.486,758.063,SubstrateLocation:2:Occupied-Unoccupied,ProcessChamber2,
2022-11-22T17:12:35.535-07:00,288,2022-11-22 17:12:35.535,0.534,758.597,SubstrateLocation:2:Occupied-Unoccupied,Robot,
2022-11-22T17:12:36.085-07:00,290,2022-11-22 17:12:36.085,0.550,759.147,SubstrateLocation:2:Occupied-Unoccupied,PreAligner,
2022-11-22T17:12:36.620-07:00,292,2022-11-22 17:12:36.620,0.535,759.682,SubstrateLocation:2:Occupied-Unoccupied,Robot,
2022-11-22T17:12:37.149-07:00,294,2022-11-22 17:12:37.149,0.529,760.211,SubstrateLocation:2:Occupied-Unoccupied,CARRIER2.22,
2022-11-22T17:12:37.683-07:00,296,2022-11-22 17:12:37.683,0.534,760.745,SubstrateLocation:2:Occupied-Unoccupied,Robot,
2022-11-22T17:13:30.941-07:00,298,2022-11-22 17:13:30.941,53.258,814.003,SubstrateLocation:2:Occupied-Unoccupied,ProcessChamber1,
2022-11-22T17:13:31.473-07:00,300,2022-11-22 17:13:31.473,0.532,814.535,SubstrateLocation:2:Occupied-Unoccupied,Robot,
2022-11-22T17:13:32.002-07:00,302,2022-11-22 17:13:32.002,0.529,815.064,SubstrateLocation:2:Occupied-Unoccupied,PreAligner,
2022-11-22T17:13:32.530-07:00,304,2022-11-22 17:13:32.530,0.528,815.592,SubstrateLocation:2:Occupied-Unoccupied,Robot,
2022-11-22T17:13:33.058-07:00,306,2022-11-22 17:13:33.058,0.528,816.120,SubstrateLocation:2:Occupied-Unoccupied,CARRIER2.23,
2022-11-22T17:13:33.588-07:00,308,2022-11-22 17:13:33.588,0.530,816.650,SubstrateLocation:2:Occupied-Unoccupied,Robot,
2022-11-22T17:13:38.097-07:00,310,2022-11-22 17:13:38.097,4.509,821.159,SubstrateLocation:2:Occupied-Unoccupied,ProcessChamber2,
2022-11-22T17:13:38.622-07:00,312,2022-11-22 17:13:38.622,0.525,821.684,SubstrateLocation:2:Occupied-Unoccupied,Robot,
2022-11-22T17:13:39.160-07:00,314,2022-11-22 17:13:39.160,0.538,822.222,SubstrateLocation:2:Occupied-Unoccupied,PreAligner,
2022-11-22T17:13:39.689-07:00,316,2022-11-22 17:13:39.689,0.529,822.751,SubstrateLocation:2:Occupied-Unoccupied,Robot,
2022-11-22T17:13:40.217-07:00,318,2022-11-22 17:13:40.217,0.528,823.279,SubstrateLocation:2:Occupied-Unoccupied,CARRIER2.24,
2022-11-22T17:13:40.744-07:00,320,2022-11-22 17:13:40.744,0.527,823.806,SubstrateLocation:2:Occupied-Unoccupied,Robot,
2022-11-22T17:14:34.029-07:00,322,2022-11-22 17:14:34.029,53.285,877.091,SubstrateLocation:2:Occupied-Unoccupied,ProcessChamber1,
2022-11-22T17:14:34.558-07:00,324,2022-11-22 17:14:34.558,0.529,877.620,SubstrateLocation:2:Occupied-Unoccupied,Robot,
2022-11-22T17:14:35.093-07:00,326,2022-11-22 17:14:35.093,0.535,878.155,SubstrateLocation:2:Occupied-Unoccupied,PreAligner,
2022-11-22T17:14:35.625-07:00,328,2022-11-22 17:14:35.625,0.532,878.687,SubstrateLocation:2:Occupied-Unoccupied,Robot,
2022-11-22T17:14:36.155-07:00,330,2022-11-22 17:14:36.155,0.530,879.217,SubstrateLocation:2:Occupied-Unoccupied,CARRIER2.25,
2022-11-22T17:14:36.684-07:00,332,2022-11-22 17:14:36.684,0.529,879.746,SubstrateLocation:2:Occupied-Unoccupied,Robot,
2022-11-22T17:14:41.175-07:00,334,2022-11-22 17:14:41.175,4.491,884.237,SubstrateLocation:2:Occupied-Unoccupied,ProcessChamber2,
2022-11-22T17:14:41.706-07:00,336,2022-11-22 17:14:41.706,0.531,884.768,SubstrateLocation:2:Occupied-Unoccupied,Robot,
2022-11-22T17:14:42.243-07:00,338,2022-11-22 17:14:42.243,0.537,885.305,SubstrateLocation:2:Occupied-Unoccupied,PreAligner,
2022-11-22T17:14:42.773-07:00,340,2022-11-22 17:14:42.773,0.530,885.835,SubstrateLocation:2:Occupied-Unoccupied,Robot,
2022-11-22T17:15:37.129-07:00,342,2022-11-22 17:15:37.129,54.356,940.191,SubstrateLocation:2:Occupied-Unoccupied,ProcessChamber1,
2022-11-22T17:15:37.656-07:00,344,2022-11-22 17:15:37.656,0.527,940.718,SubstrateLocation:2:Occupied-Unoccupied,Robot,
2022-11-22T17:15:44.353-07:00,346,2022-11-22 17:15:44.353,6.697,947.415,SubstrateLocation:2:Occupied-Unoccupied,ProcessChamber2,
2022-11-22T17:15:44.878-07:00,348,2022-11-22 17:15:44.878,0.525,947.940,SubstrateLocation:2:Occupied-Unoccupied,Robot,
2022-11-22T17:15:50.420-07:00,350,2022-11-22 17:15:50.420,5.542,953.482,SubstrateLocation:2:Occupied-Unoccupied,CARRIER1.01,
2022-11-22T17:15:50.948-07:00,352,2022-11-22 17:15:50.948,0.528,954.010,SubstrateLocation:2:Occupied-Unoccupied,Robot,
2022-11-22T17:15:56.484-07:00,354,2022-11-22 17:15:56.484,5.536,959.546,SubstrateLocation:2:Occupied-Unoccupied,PreAligner,
2022-11-22T17:15:57.011-07:00,356,2022-11-22 17:15:57.011,0.527,960.073,SubstrateLocation:2:Occupied-Unoccupied,Robot,
2022-11-22T17:15:57.540-07:00,358,2022-11-22 17:15:57.540,0.529,960.602,SubstrateLocation:2:Occupied-Unoccupied,CARRIER1.02,
2022-11-22T17:15:58.069-07:00,360,2022-11-22 17:15:58.069,0.529,961.131,SubstrateLocation:2:Occupied-Unoccupied,Robot,
2022-11-22T17:16:03.619-07:00,362,2022-11-22 17:16:03.619,5.550,966.681,SubstrateLocation:2:Occupied-Unoccupied,PreAligner,
2022-11-22T17:16:04.143-07:00,364,2022-11-22 17:16:04.143,0.524,967.205,SubstrateLocation:2:Occupied-Unoccupied,Robot,
2022-11-22T17:16:04.672-07:00,366,2022-11-22 17:16:04.672,0.529,967.734,SubstrateLocation:2:Occupied-Unoccupied,CARRIER1.03,
2022-11-22T17:16:05.197-07:00,368,2022-11-22 17:16:05.197,0.525,968.259,SubstrateLocation:2:Occupied-Unoccupied,Robot,
2022-11-22T17:16:58.555-07:00,370,2022-11-22 17:16:58.555,53.358,1021.617,SubstrateLocation:2:Occupied-Unoccupied,ProcessChamber1,
2022-11-22T17:16:59.086-07:00,372,2022-11-22 17:16:59.086,0.531,1022.148,SubstrateLocation:2:Occupied-Unoccupied,Robot,
2022-11-22T17:16:59.611-07:00,374,2022-11-22 17:16:59.611,0.525,1022.673,SubstrateLocation:2:Occupied-Unoccupied,PreAligner,
2022-11-22T17:17:00.142-07:00,376,2022-11-22 17:17:00.142,0.531,1023.204,SubstrateLocation:2:Occupied-Unoccupied,Robot,
2022-11-22T17:17:00.672-07:00,378,2022-11-22 17:17:00.672,0.530,1023.734,SubstrateLocation:2:Occupied-Unoccupied,CARRIER1.04,
2022-11-22T17:17:01.196-07:00,380,2022-11-22 17:17:01.196,0.524,1024.258,SubstrateLocation:2:Occupied-Unoccupied,Robot,
2022-11-22T17:17:05.639-07:00,382,2022-11-22 17:17:05.639,4.443,1028.701,SubstrateLocation:2:Occupied-Unoccupied,ProcessChamber2,
2022-11-22T17:17:06.163-07:00,384,2022-11-22 17:17:06.163,0.524,1029.225,SubstrateLocation:2:Occupied-Unoccupied,Robot,
2022-11-22T17:17:06.730-07:00,386,2022-11-22 17:17:06.730,0.567,1029.792,SubstrateLocation:2:Occupied-Unoccupied,PreAligner,
2022-11-22T17:17:07.257-07:00,388,2022-11-22 17:17:07.257,0.527,1030.319,SubstrateLocation:2:Occupied-Unoccupied,Robot,
2022-11-22T17:17:07.784-07:00,390,2022-11-22 17:17:07.784,0.527,1030.846,SubstrateLocation:2:Occupied-Unoccupied,CARRIER1.05,
2022-11-22T17:17:08.309-07:00,392,2022-11-22 17:17:08.309,0.525,1031.371,SubstrateLocation:2:Occupied-Unoccupied,Robot,
2022-11-22T17:18:01.636-07:00,394,2022-11-22 17:18:01.636,53.327,1084.698,SubstrateLocation:2:Occupied-Unoccupied,ProcessChamber1,
2022-11-22T17:18:02.161-07:00,396,2022-11-22 17:18:02.161,0.525,1085.223,SubstrateLocation:2:Occupied-Unoccupied,Robot,
2022-11-22T17:18:02.691-07:00,398,2022-11-22 17:18:02.691,0.530,1085.753,SubstrateLocation:2:Occupied-Unoccupied,PreAligner,
2022-11-22T17:18:03.223-07:00,400,2022-11-22 17:18:03.223,0.532,1086.285,SubstrateLocation:2:Occupied-Unoccupied,Robot,
2022-11-22T17:18:03.749-07:00,402,2022-11-22 17:18:03.749,0.526,1086.811,SubstrateLocation:2:Occupied-Unoccupied,CARRIER1.06,
2022-11-22T17:18:04.278-07:00,404,2022-11-22 17:18:04.278,0.529,1087.340,SubstrateLocation:2:Occupied-Unoccupied,Robot,
2022-11-22T17:18:08.737-07:00,406,2022-11-22 17:18:08.737,4.459,1091.799,SubstrateLocation:2:Occupied-Unoccupied,ProcessChamber2,
2022-11-22T17:18:09.264-07:00,408,2022-11-22 17:18:09.264,0.527,1092.326,SubstrateLocation:2:Occupied-Unoccupied,Robot,
2022-11-22T17:18:09.809-07:00,410,2022-11-22 17:18:09.809,0.545,1092.871,SubstrateLocation:2:Occupied-Unoccupied,PreAligner,
2022-11-22T17:18:10.336-07:00,412,2022-11-22 17:18:10.336,0.527,1093.398,SubstrateLocation:2:Occupied-Unoccupied,Robot,
2022-11-22T17:18:10.862-07:00,414,2022-11-22 17:18:10.862,0.526,1093.924,SubstrateLocation:2:Occupied-Unoccupied,CARRIER1.07,
2022-11-22T17:18:11.390-07:00,416,2022-11-22 17:18:11.390,0.528,1094.452,SubstrateLocation:2:Occupied-Unoccupied,Robot,
2022-11-22T17:19:04.826-07:00,418,2022-11-22 17:19:04.826,53.436,1147.888,SubstrateLocation:2:Occupied-Unoccupied,ProcessChamber1,
2022-11-22T17:19:05.381-07:00,420,2022-11-22 17:19:05.381,0.555,1148.443,SubstrateLocation:2:Occupied-Unoccupied,Robot,
2022-11-22T17:19:05.955-07:00,422,2022-11-22 17:19:05.955,0.574,1149.017,SubstrateLocation:2:Occupied-Unoccupied,PreAligner,
2022-11-22T17:19:06.515-07:00,424,2022-11-22 17:19:06.515,0.560,1149.577,SubstrateLocation:2:Occupied-Unoccupied,Robot,
2022-11-22T17:19:07.062-07:00,426,2022-11-22 17:19:07.062,0.547,1150.124,SubstrateLocation:2:Occupied-Unoccupied,CARRIER1.08,
2022-11-22T17:19:07.610-07:00,428,2022-11-22 17:19:07.610,0.548,1150.672,SubstrateLocation:2:Occupied-Unoccupied,Robot,
2022-11-22T17:19:12.128-07:00,430,2022-11-22 17:19:12.128,4.518,1155.190,SubstrateLocation:2:Occupied-Unoccupied,ProcessChamber2,
2022-11-22T17:19:12.684-07:00,432,2022-11-22 17:19:12.684,0.556,1155.746,SubstrateLocation:2:Occupied-Unoccupied,Robot,
2022-11-22T17:19:13.257-07:00,434,2022-11-22 17:19:13.257,0.573,1156.319,SubstrateLocation:2:Occupied-Unoccupied,PreAligner,
2022-11-22T17:19:13.810-07:00,436,2022-11-22 17:19:13.810,0.553,1156.872,SubstrateLocation:2:Occupied-Unoccupied,Robot,
2022-11-22T17:19:14.346-07:00,438,2022-11-22 17:19:14.346,0.536,1157.408,SubstrateLocation:2:Occupied-Unoccupied,CARRIER1.09,
2022-11-22T17:19:14.893-07:00,440,2022-11-22 17:19:14.893,0.547,1157.955,SubstrateLocation:2:Occupied-Unoccupied,Robot,
2022-11-22T17:20:08.309-07:00,442,2022-11-22 17:20:08.309,53.416,1211.371,SubstrateLocation:2:Occupied-Unoccupied,ProcessChamber1,
2022-11-22T17:20:08.836-07:00,444,2022-11-22 17:20:08.836,0.527,1211.898,SubstrateLocation:2:Occupied-Unoccupied,Robot,
2022-11-22T17:20:09.366-07:00,446,2022-11-22 17:20:09.366,0.530,1212.428,SubstrateLocation:2:Occupied-Unoccupied,PreAligner,
2022-11-22T17:20:09.890-07:00,448,2022-11-22 17:20:09.890,0.524,1212.952,SubstrateLocation:2:Occupied-Unoccupied,Robot,
2022-11-22T17:20:10.423-07:00,450,2022-11-22 17:20:10.423,0.533,1213.485,SubstrateLocation:2:Occupied-Unoccupied,CARRIER1.10,
2022-11-22T17:20:10.962-07:00,452,2022-11-22 17:20:10.962,0.539,1214.024,SubstrateLocation:2:Occupied-Unoccupied,Robot,
2022-11-22T17:20:15.470-07:00,454,2022-11-22 17:20:15.470,4.508,1218.532,SubstrateLocation:2:Occupied-Unoccupied,ProcessChamber2,
2022-11-22T17:20:16.016-07:00,456,2022-11-22 17:20:16.016,0.546,1219.078,SubstrateLocation:2:Occupied-Unoccupied,Robot,
2022-11-22T17:20:16.573-07:00,458,2022-11-22 17:20:16.573,0.557,1219.635,SubstrateLocation:2:Occupied-Unoccupied,PreAligner,
2022-11-22T17:20:17.103-07:00,460,2022-11-22 17:20:17.103,0.530,1220.165,SubstrateLocation:2:Occupied-Unoccupied,Robot,
2022-11-22T17:20:17.630-07:00,462,2022-11-22 17:20:17.630,0.527,1220.692,SubstrateLocation:2:Occupied-Unoccupied,CARRIER1.11,
2022-11-22T17:20:18.159-07:00,464,2022-11-22 17:20:18.159,0.529,1221.221,SubstrateLocation:2:Occupied-Unoccupied,Robot,
2022-11-22T17:21:11.468-07:00,466,2022-11-22 17:21:11.468,53.309,1274.530,SubstrateLocation:2:Occupied-Unoccupied,ProcessChamber1,
2022-11-22T17:21:11.995-07:00,468,2022-11-22 17:21:11.995,0.527,1275.057,SubstrateLocation:2:Occupied-Unoccupied,Robot,
2022-11-22T17:21:12.535-07:00,470,2022-11-22 17:21:12.535,0.540,1275.597,SubstrateLocation:2:Occupied-Unoccupied,PreAligner,
2022-11-22T17:21:13.076-07:00,472,2022-11-22 17:21:13.076,0.541,1276.138,SubstrateLocation:2:Occupied-Unoccupied,Robot,
2022-11-22T17:21:13.624-07:00,474,2022-11-22 17:21:13.624,0.548,1276.686,SubstrateLocation:2:Occupied-Unoccupied,CARRIER1.12,
2022-11-22T17:21:14.156-07:00,476,2022-11-22 17:21:14.156,0.532,1277.218,SubstrateLocation:2:Occupied-Unoccupied,Robot,
2022-11-22T17:21:18.606-07:00,478,2022-11-22 17:21:18.606,4.450,1281.668,SubstrateLocation:2:Occupied-Unoccupied,ProcessChamber2,
2022-11-22T17:21:19.137-07:00,480,2022-11-22 17:21:19.137,0.531,1282.199,SubstrateLocation:2:Occupied-Unoccupied,Robot,
2022-11-22T17:21:19.691-07:00,482,2022-11-22 17:21:19.691,0.554,1282.753,SubstrateLocation:2:Occupied-Unoccupied,PreAligner,
2022-11-22T17:21:20.221-07:00,484,2022-11-22 17:21:20.221,0.530,1283.283,SubstrateLocation:2:Occupied-Unoccupied,Robot,
2022-11-22T17:21:20.757-07:00,486,2022-11-22 17:21:20.757,0.536,1283.819,SubstrateLocation:2:Occupied-Unoccupied,CARRIER1.13,
2022-11-22T17:21:21.348-07:00,488,2022-11-22 17:21:21.348,0.591,1284.410,SubstrateLocation:2:Occupied-Unoccupied,Robot,
2022-11-22T17:22:14.656-07:00,490,2022-11-22 17:22:14.656,53.308,1337.718,SubstrateLocation:2:Occupied-Unoccupied,ProcessChamber1,
2022-11-22T17:22:15.200-07:00,492,2022-11-22 17:22:15.200,0.544,1338.262,SubstrateLocation:2:Occupied-Unoccupied,Robot,
2022-11-22T17:22:15.738-07:00,494,2022-11-22 17:22:15.738,0.538,1338.800,SubstrateLocation:2:Occupied-Unoccupied,PreAligner,
2022-11-22T17:22:16.271-07:00,496,2022-11-22 17:22:16.271,0.533,1339.333,SubstrateLocation:2:Occupied-Unoccupied,Robot,
2022-11-22T17:22:16.800-07:00,498,2022-11-22 17:22:16.800,0.529,1339.862,SubstrateLocation:2:Occupied-Unoccupied,CARRIER1.14,
2022-11-22T17:22:17.329-07:00,500,2022-11-22 17:22:17.329,0.529,1340.391,SubstrateLocation:2:Occupied-Unoccupied,Robot,
2022-11-22T17:22:21.829-07:00,502,2022-11-22 17:22:21.829,4.500,1344.891,SubstrateLocation:2:Occupied-Unoccupied,ProcessChamber2,
2022-11-22T17:22:22.358-07:00,504,2022-11-22 17:22:22.358,0.529,1345.420,SubstrateLocation:2:Occupied-Unoccupied,Robot,
2022-11-22T17:22:22.889-07:00,506,2022-11-22 17:22:22.889,0.531,1345.951,SubstrateLocation:2:Occupied-Unoccupied,PreAligner,
2022-11-22T17:22:23.423-07:00,508,2022-11-22 17:22:23.423,0.534,1346.485,SubstrateLocation:2:Occupied-Unoccupied,Robot,
2022-11-22T17:22:23.953-07:00,510,2022-11-22 17:22:23.953,0.530,1347.015,SubstrateLocation:2:Occupied-Unoccupied,CARRIER1.15,
