Time,Id,CimetrixGEM300Simulation/ModuleID,CimetrixGEM300Simulation/ProcessJobID,CimetrixGEM300Simulation/ProcessJobIDList,CimetrixGEM300Simulation/RCID,CimetrixGEM300Simulation/RecID,CimetrixGEM300Simulation/SubstrateIDList,CimetrixGEM300Simulation/SubstrateID,CimetrixGEM300Simulation/RecipeParameters
2022-11-11T14:25:35.204-07:00,ModuleProcess:2:NotExecuting-GeneralExecution,"ProcessChamber1","LocalProcessJob0003","Arr[0]","RecipeCARRIER1","RecipeCARRIER1","Arr[0]","CARRIER1.07","Arr[0]"
2022-11-11T14:25:49.465-07:00,ModuleProcess:2:NotExecuting-GeneralExecution,"ProcessChamber1","LocalProcessJob0003","Arr[0]","RecipeCARRIER1","RecipeCARRIER1","Arr[0]","CARRIER1.09","Arr[0]"
2022-11-11T14:26:03.756-07:00,ModuleProcess:2:NotExecuting-GeneralExecution,"ProcessChamber1","LocalProcessJob0003","Arr[0]","RecipeCARRIER1","RecipeCARRIER1","Arr[0]","CARRIER1.11","Arr[0]"
2022-11-11T14:26:18.024-07:00,ModuleProcess:2:NotExecuting-GeneralExecution,"ProcessChamber1","LocalProcessJob0003","Arr[0]","RecipeCARRIER1","RecipeCARRIER1","Arr[0]","CARRIER1.13","Arr[0]"
2022-11-11T14:26:32.323-07:00,ModuleProcess:2:NotExecuting-GeneralExecution,"ProcessChamber1","LocalProcessJob0003","Arr[0]","RecipeCARRIER1","RecipeCARRIER1","Arr[0]","CARRIER1.15","Arr[0]"
2022-11-11T14:26:46.644-07:00,ModuleProcess:2:NotExecuting-GeneralExecution,"ProcessChamber1","LocalProcessJob0003","Arr[0]","RecipeCARRIER1","RecipeCARRIER1","Arr[0]","CARRIER1.17","Arr[0]"
2022-11-11T14:27:00.909-07:00,ModuleProcess:2:NotExecuting-GeneralExecution,"ProcessChamber1","LocalProcessJob0003","Arr[0]","RecipeCARRIER1","RecipeCARRIER1","Arr[0]","CARRIER1.19","Arr[0]"
2022-11-11T14:27:15.262-07:00,ModuleProcess:2:NotExecuting-GeneralExecution,"ProcessChamber1","LocalProcessJob0003","Arr[0]","RecipeCARRIER1","RecipeCARRIER1","Arr[0]","CARRIER1.21","Arr[0]"
2022-11-11T14:27:29.567-07:00,ModuleProcess:2:NotExecuting-GeneralExecution,"ProcessChamber1","LocalProcessJob0003","Arr[0]","RecipeCARRIER1","RecipeCARRIER1","Arr[0]","CARRIER1.23","Arr[0]"
2022-11-11T14:27:43.852-07:00,ModuleProcess:2:NotExecuting-GeneralExecution,"ProcessChamber1","LocalProcessJob0003","Arr[0]","RecipeCARRIER1","RecipeCARRIER1","Arr[0]","CARRIER1.25","Arr[0]"
2022-11-11T14:27:58.118-07:00,ModuleProcess:2:NotExecuting-GeneralExecution,"ProcessChamber1","LocalProcessJob0004","Arr[0]","RecipeCARRIER2","RecipeCARRIER2","Arr[0]","CARRIER2.02","Arr[0]"
2022-11-11T14:28:12.500-07:00,ModuleProcess:2:NotExecuting-GeneralExecution,"ProcessChamber1","LocalProcessJob0004","Arr[0]","RecipeCARRIER2","RecipeCARRIER2","Arr[0]","CARRIER2.04","Arr[0]"
2022-11-11T14:28:26.733-07:00,ModuleProcess:2:NotExecuting-GeneralExecution,"ProcessChamber1","LocalProcessJob0004","Arr[0]","RecipeCARRIER2","RecipeCARRIER2","Arr[0]","CARRIER2.06","Arr[0]"
2022-11-11T14:28:41.047-07:00,ModuleProcess:2:NotExecuting-GeneralExecution,"ProcessChamber1","LocalProcessJob0004","Arr[0]","RecipeCARRIER2","RecipeCARRIER2","Arr[0]","CARRIER2.08","Arr[0]"
2022-11-11T14:28:55.289-07:00,ModuleProcess:2:NotExecuting-GeneralExecution,"ProcessChamber1","LocalProcessJob0004","Arr[0]","RecipeCARRIER2","RecipeCARRIER2","Arr[0]","CARRIER2.10","Arr[0]"
2022-11-11T14:29:09.557-07:00,ModuleProcess:2:NotExecuting-GeneralExecution,"ProcessChamber1","LocalProcessJob0004","Arr[0]","RecipeCARRIER2","RecipeCARRIER2","Arr[0]","CARRIER2.12","Arr[0]"
2022-11-11T14:29:23.845-07:00,ModuleProcess:2:NotExecuting-GeneralExecution,"ProcessChamber1","LocalProcessJob0004","Arr[0]","RecipeCARRIER2","RecipeCARRIER2","Arr[0]","CARRIER2.14","Arr[0]"
2022-11-11T14:29:38.131-07:00,ModuleProcess:2:NotExecuting-GeneralExecution,"ProcessChamber1","LocalProcessJob0004","Arr[0]","RecipeCARRIER2","RecipeCARRIER2","Arr[0]","CARRIER2.16","Arr[0]"
2022-11-11T14:29:52.404-07:00,ModuleProcess:2:NotExecuting-GeneralExecution,"ProcessChamber1","LocalProcessJob0004","Arr[0]","RecipeCARRIER2","RecipeCARRIER2","Arr[0]","CARRIER2.18","Arr[0]"
2022-11-11T14:30:06.684-07:00,ModuleProcess:2:NotExecuting-GeneralExecution,"ProcessChamber1","LocalProcessJob0004","Arr[0]","RecipeCARRIER2","RecipeCARRIER2","Arr[0]","CARRIER2.20","Arr[0]"
2022-11-11T14:30:20.980-07:00,ModuleProcess:2:NotExecuting-GeneralExecution,"ProcessChamber1","LocalProcessJob0004","Arr[0]","RecipeCARRIER2","RecipeCARRIER2","Arr[0]","CARRIER2.22","Arr[0]"
2022-11-11T14:30:35.343-07:00,ModuleProcess:2:NotExecuting-GeneralExecution,"ProcessChamber1","LocalProcessJob0004","Arr[0]","RecipeCARRIER2","RecipeCARRIER2","Arr[0]","CARRIER2.24","Arr[0]"
2022-11-11T14:31:11.356-07:00,ModuleProcess:2:NotExecuting-GeneralExecution,"ProcessChamber1","LocalProcessJob0005","Arr[0]","RecipeCARRIER1","RecipeCARRIER1","Arr[0]","CARRIER1.01","Arr[0]"
2022-11-11T14:31:25.667-07:00,ModuleProcess:2:NotExecuting-GeneralExecution,"ProcessChamber1","LocalProcessJob0005","Arr[0]","RecipeCARRIER1","RecipeCARRIER1","Arr[0]","CARRIER1.03","Arr[0]"
2022-11-11T14:31:40.322-07:00,ModuleProcess:2:NotExecuting-GeneralExecution,"ProcessChamber1","LocalProcessJob0005","Arr[0]","RecipeCARRIER1","RecipeCARRIER1","Arr[0]","CARRIER1.05","Arr[0]"
2022-11-11T14:31:54.712-07:00,ModuleProcess:2:NotExecuting-GeneralExecution,"ProcessChamber1","LocalProcessJob0005","Arr[0]","RecipeCARRIER1","RecipeCARRIER1","Arr[0]","CARRIER1.07","Arr[0]"
2022-11-11T14:32:08.994-07:00,ModuleProcess:2:NotExecuting-GeneralExecution,"ProcessChamber1","LocalProcessJob0005","Arr[0]","RecipeCARRIER1","RecipeCARRIER1","Arr[0]","CARRIER1.09","Arr[0]"
2022-11-11T14:32:23.235-07:00,ModuleProcess:2:NotExecuting-GeneralExecution,"ProcessChamber1","LocalProcessJob0005","Arr[0]","RecipeCARRIER1","RecipeCARRIER1","Arr[0]","CARRIER1.11","Arr[0]"
2022-11-11T14:32:37.491-07:00,ModuleProcess:2:NotExecuting-GeneralExecution,"ProcessChamber1","LocalProcessJob0005","Arr[0]","RecipeCARRIER1","RecipeCARRIER1","Arr[0]","CARRIER1.13","Arr[0]"
2022-11-11T14:32:51.697-07:00,ModuleProcess:2:NotExecuting-GeneralExecution,"ProcessChamber1","LocalProcessJob0005","Arr[0]","RecipeCARRIER1","RecipeCARRIER1","Arr[0]","CARRIER1.15","Arr[0]"
2022-11-11T14:33:06.062-07:00,ModuleProcess:2:NotExecuting-GeneralExecution,"ProcessChamber1","LocalProcessJob0005","Arr[0]","RecipeCARRIER1","RecipeCARRIER1","Arr[0]","CARRIER1.17","Arr[0]"
2022-11-11T14:33:20.363-07:00,ModuleProcess:2:NotExecuting-GeneralExecution,"ProcessChamber1","LocalProcessJob0005","Arr[0]","RecipeCARRIER1","RecipeCARRIER1","Arr[0]","CARRIER1.19","Arr[0]"
2022-11-11T14:33:34.623-07:00,ModuleProcess:2:NotExecuting-GeneralExecution,"ProcessChamber1","LocalProcessJob0005","Arr[0]","RecipeCARRIER1","RecipeCARRIER1","Arr[0]","CARRIER1.21","Arr[0]"
2022-11-11T14:33:48.835-07:00,ModuleProcess:2:NotExecuting-GeneralExecution,"ProcessChamber1","LocalProcessJob0005","Arr[0]","RecipeCARRIER1","RecipeCARRIER1","Arr[0]","CARRIER1.23","Arr[0]"
2022-11-11T14:34:03.129-07:00,ModuleProcess:2:NotExecuting-GeneralExecution,"ProcessChamber1","LocalProcessJob0005","Arr[0]","RecipeCARRIER1","RecipeCARRIER1","Arr[0]","CARRIER1.25","Arr[0]"
2022-11-11T14:34:17.374-07:00,ModuleProcess:2:NotExecuting-GeneralExecution,"ProcessChamber1","LocalProcessJob0006","Arr[0]","RecipeCARRIER2","RecipeCARRIER2","Arr[0]","CARRIER2.02","Arr[0]"
2022-11-11T14:34:31.688-07:00,ModuleProcess:2:NotExecuting-GeneralExecution,"ProcessChamber1","LocalProcessJob0006","Arr[0]","RecipeCARRIER2","RecipeCARRIER2","Arr[0]","CARRIER2.04","Arr[0]"
2022-11-11T14:34:45.933-07:00,ModuleProcess:2:NotExecuting-GeneralExecution,"ProcessChamber1","LocalProcessJob0006","Arr[0]","RecipeCARRIER2","RecipeCARRIER2","Arr[0]","CARRIER2.06","Arr[0]"
2022-11-11T14:35:00.193-07:00,ModuleProcess:2:NotExecuting-GeneralExecution,"ProcessChamber1","LocalProcessJob0006","Arr[0]","RecipeCARRIER2","RecipeCARRIER2","Arr[0]","CARRIER2.08","Arr[0]"
2022-11-11T14:35:14.449-07:00,ModuleProcess:2:NotExecuting-GeneralExecution,"ProcessChamber1","LocalProcessJob0006","Arr[0]","RecipeCARRIER2","RecipeCARRIER2","Arr[0]","CARRIER2.10","Arr[0]"
2022-11-11T14:35:28.786-07:00,ModuleProcess:2:NotExecuting-GeneralExecution,"ProcessChamber1","LocalProcessJob0006","Arr[0]","RecipeCARRIER2","RecipeCARRIER2","Arr[0]","CARRIER2.12","Arr[0]"
2022-11-11T14:35:43.044-07:00,ModuleProcess:2:NotExecuting-GeneralExecution,"ProcessChamber1","LocalProcessJob0006","Arr[0]","RecipeCARRIER2","RecipeCARRIER2","Arr[0]","CARRIER2.14","Arr[0]"
2022-11-11T14:35:57.287-07:00,ModuleProcess:2:NotExecuting-GeneralExecution,"ProcessChamber1","LocalProcessJob0006","Arr[0]","RecipeCARRIER2","RecipeCARRIER2","Arr[0]","CARRIER2.16","Arr[0]"
2022-11-11T14:36:11.573-07:00,ModuleProcess:2:NotExecuting-GeneralExecution,"ProcessChamber1","LocalProcessJob0006","Arr[0]","RecipeCARRIER2","RecipeCARRIER2","Arr[0]","CARRIER2.18","Arr[0]"
2022-11-11T14:36:25.895-07:00,ModuleProcess:2:NotExecuting-GeneralExecution,"ProcessChamber1","LocalProcessJob0006","Arr[0]","RecipeCARRIER2","RecipeCARRIER2","Arr[0]","CARRIER2.20","Arr[0]"
2022-11-11T14:36:40.176-07:00,ModuleProcess:2:NotExecuting-GeneralExecution,"ProcessChamber1","LocalProcessJob0006","Arr[0]","RecipeCARRIER2","RecipeCARRIER2","Arr[0]","CARRIER2.22","Arr[0]"
2022-11-11T14:36:54.631-07:00,ModuleProcess:2:NotExecuting-GeneralExecution,"ProcessChamber1","LocalProcessJob0006","Arr[0]","RecipeCARRIER2","RecipeCARRIER2","Arr[0]","CARRIER2.24","Arr[0]"
2022-11-11T14:37:26.480-07:00,ModuleProcess:2:NotExecuting-GeneralExecution,"ProcessChamber1","LocalProcessJob0007","Arr[0]","RecipeCARRIER1","RecipeCARRIER1","Arr[0]","CARRIER1.01","Arr[0]"
2022-11-11T14:37:40.730-07:00,ModuleProcess:2:NotExecuting-GeneralExecution,"ProcessChamber1","LocalProcessJob0007","Arr[0]","RecipeCARRIER1","RecipeCARRIER1","Arr[0]","CARRIER1.03","Arr[0]"
2022-11-11T14:51:35.544-07:00,ModuleProcess:2:NotExecuting-GeneralExecution,"ProcessChamber1","LocalProcessJob0007","Arr[0]","RecipeCARRIER1","RecipeCARRIER1","Arr[0]","CARRIER1.05","Arr[0]"
2022-11-11T14:51:49.779-07:00,ModuleProcess:2:NotExecuting-GeneralExecution,"ProcessChamber1","LocalProcessJob0007","Arr[0]","RecipeCARRIER1","RecipeCARRIER1","Arr[0]","CARRIER1.07","Arr[0]"
2022-11-11T14:52:04.102-07:00,ModuleProcess:2:NotExecuting-GeneralExecution,"ProcessChamber1","LocalProcessJob0007","Arr[0]","RecipeCARRIER1","RecipeCARRIER1","Arr[0]","CARRIER1.09","Arr[0]"
2022-11-11T14:52:18.759-07:00,ModuleProcess:2:NotExecuting-GeneralExecution,"ProcessChamber1","LocalProcessJob0007","Arr[0]","RecipeCARRIER1","RecipeCARRIER1","Arr[0]","CARRIER1.11","Arr[0]"
2022-11-11T14:52:33.033-07:00,ModuleProcess:2:NotExecuting-GeneralExecution,"ProcessChamber1","LocalProcessJob0007","Arr[0]","RecipeCARRIER1","RecipeCARRIER1","Arr[0]","CARRIER1.13","Arr[0]"
2022-11-11T14:52:47.319-07:00,ModuleProcess:2:NotExecuting-GeneralExecution,"ProcessChamber1","LocalProcessJob0007","Arr[0]","RecipeCARRIER1","RecipeCARRIER1","Arr[0]","CARRIER1.15","Arr[0]"
2022-11-11T14:53:01.631-07:00,ModuleProcess:2:NotExecuting-GeneralExecution,"ProcessChamber1","LocalProcessJob0007","Arr[0]","RecipeCARRIER1","RecipeCARRIER1","Arr[0]","CARRIER1.17","Arr[0]"
2022-11-11T14:53:15.893-07:00,ModuleProcess:2:NotExecuting-GeneralExecution,"ProcessChamber1","LocalProcessJob0007","Arr[0]","RecipeCARRIER1","RecipeCARRIER1","Arr[0]","CARRIER1.19","Arr[0]"
2022-11-11T14:53:30.152-07:00,ModuleProcess:2:NotExecuting-GeneralExecution,"ProcessChamber1","LocalProcessJob0007","Arr[0]","RecipeCARRIER1","RecipeCARRIER1","Arr[0]","CARRIER1.21","Arr[0]"
2022-11-11T14:53:44.394-07:00,ModuleProcess:2:NotExecuting-GeneralExecution,"ProcessChamber1","LocalProcessJob0007","Arr[0]","RecipeCARRIER1","RecipeCARRIER1","Arr[0]","CARRIER1.23","Arr[0]"
2022-11-11T14:53:58.733-07:00,ModuleProcess:2:NotExecuting-GeneralExecution,"ProcessChamber1","LocalProcessJob0007","Arr[0]","RecipeCARRIER1","RecipeCARRIER1","Arr[0]","CARRIER1.25","Arr[0]"
2022-11-11T14:54:12.998-07:00,ModuleProcess:2:NotExecuting-GeneralExecution,"ProcessChamber1","LocalProcessJob0008","Arr[0]","RecipeCARRIER2","RecipeCARRIER2","Arr[0]","CARRIER2.02","Arr[0]"
2022-11-11T14:54:27.276-07:00,ModuleProcess:2:NotExecuting-GeneralExecution,"ProcessChamber1","LocalProcessJob0008","Arr[0]","RecipeCARRIER2","RecipeCARRIER2","Arr[0]","CARRIER2.04","Arr[0]"
