Time,Id,CimetrixGEM300Simulation/ModuleID,CimetrixGEM300Simulation/ProcessJobID,CimetrixGEM300Simulation/ProcessJobIDList,CimetrixGEM300Simulation/RCID,CimetrixGEM300Simulation/RecID,CimetrixGEM300Simulation/RecipeParameters,CimetrixGEM300Simulation/SubstrateID,CimetrixGEM300Simulation/SubstrateIDList
2022-11-11T14:27:11.893-07:00,ModuleProcess:3:GeneralExecution-NotExecuting,"ProcessChamber1","LocalProcessJob0003","Arr[0]","RecipeCARRIER1","RecipeCARRIER1","Arr[0]","CARRIER1.19","Arr[0]"
2022-11-11T14:27:26.252-07:00,ModuleProcess:3:GeneralExecution-NotExecuting,"ProcessChamber1","LocalProcessJob0003","Arr[0]","RecipeCARRIER1","RecipeCARRIER1","Arr[0]","CARRIER1.21","Arr[0]"
2022-11-11T14:27:40.600-07:00,ModuleProcess:3:GeneralExecution-NotExecuting,"ProcessChamber1","LocalProcessJob0003","Arr[0]","RecipeCARRIER1","RecipeCARRIER1","Arr[0]","CARRIER1.23","Arr[0]"
2022-11-11T14:27:54.868-07:00,ModuleProcess:3:GeneralExecution-NotExecuting,"ProcessChamber1","LocalProcessJob0003","Arr[0]","RecipeCARRIER1","RecipeCARRIER1","Arr[0]","CARRIER1.25","Arr[0]"
2022-11-11T14:28:09.535-07:00,ModuleProcess:3:GeneralExecution-NotExecuting,"ProcessChamber1","LocalProcessJob0004","Arr[0]","RecipeCARRIER2","RecipeCARRIER2","Arr[0]","CARRIER2.02","Arr[0]"
2022-11-11T14:28:23.526-07:00,ModuleProcess:3:GeneralExecution-NotExecuting,"ProcessChamber1","LocalProcessJob0004","Arr[0]","RecipeCARRIER2","RecipeCARRIER2","Arr[0]","CARRIER2.04","Arr[0]"
2022-11-11T14:28:37.757-07:00,ModuleProcess:3:GeneralExecution-NotExecuting,"ProcessChamber1","LocalProcessJob0004","Arr[0]","RecipeCARRIER2","RecipeCARRIER2","Arr[0]","CARRIER2.06","Arr[0]"
2022-11-11T14:28:52.031-07:00,ModuleProcess:3:GeneralExecution-NotExecuting,"ProcessChamber1","LocalProcessJob0004","Arr[0]","RecipeCARRIER2","RecipeCARRIER2","Arr[0]","CARRIER2.08","Arr[0]"
2022-11-11T14:29:06.308-07:00,ModuleProcess:3:GeneralExecution-NotExecuting,"ProcessChamber1","LocalProcessJob0004","Arr[0]","RecipeCARRIER2","RecipeCARRIER2","Arr[0]","CARRIER2.10","Arr[0]"
2022-11-11T14:29:20.574-07:00,ModuleProcess:3:GeneralExecution-NotExecuting,"ProcessChamber1","LocalProcessJob0004","Arr[0]","RecipeCARRIER2","RecipeCARRIER2","Arr[0]","CARRIER2.12","Arr[0]"
2022-11-11T14:29:35.031-07:00,ModuleProcess:3:GeneralExecution-NotExecuting,"ProcessChamber1","LocalProcessJob0004","Arr[0]","RecipeCARRIER2","RecipeCARRIER2","Arr[0]","CARRIER2.14","Arr[0]"
2022-11-11T14:29:49.117-07:00,ModuleProcess:3:GeneralExecution-NotExecuting,"ProcessChamber1","LocalProcessJob0004","Arr[0]","RecipeCARRIER2","RecipeCARRIER2","Arr[0]","CARRIER2.16","Arr[0]"
2022-11-11T14:30:03.349-07:00,ModuleProcess:3:GeneralExecution-NotExecuting,"ProcessChamber1","LocalProcessJob0004","Arr[0]","RecipeCARRIER2","RecipeCARRIER2","Arr[0]","CARRIER2.18","Arr[0]"
2022-11-11T14:30:17.647-07:00,ModuleProcess:3:GeneralExecution-NotExecuting,"ProcessChamber1","LocalProcessJob0004","Arr[0]","RecipeCARRIER2","RecipeCARRIER2","Arr[0]","CARRIER2.20","Arr[0]"
2022-11-11T14:30:32.042-07:00,ModuleProcess:3:GeneralExecution-NotExecuting,"ProcessChamber1","LocalProcessJob0004","Arr[0]","RecipeCARRIER2","RecipeCARRIER2","Arr[0]","CARRIER2.22","Arr[0]"
2022-11-11T14:30:46.471-07:00,ModuleProcess:3:GeneralExecution-NotExecuting,"ProcessChamber1","LocalProcessJob0004","Arr[0]","RecipeCARRIER2","RecipeCARRIER2","Arr[0]","CARRIER2.24","Arr[0]"
2022-11-11T14:31:22.376-07:00,ModuleProcess:3:GeneralExecution-NotExecuting,"ProcessChamber1","LocalProcessJob0005","Arr[0]","RecipeCARRIER1","RecipeCARRIER1","Arr[0]","CARRIER1.01","Arr[0]"
2022-11-11T14:31:37.618-07:00,ModuleProcess:3:GeneralExecution-NotExecuting,"ProcessChamber1","LocalProcessJob0005","Arr[0]","RecipeCARRIER1","RecipeCARRIER1","Arr[0]","CARRIER1.03","Arr[0]"
2022-11-11T14:31:51.373-07:00,ModuleProcess:3:GeneralExecution-NotExecuting,"ProcessChamber1","LocalProcessJob0005","Arr[0]","RecipeCARRIER1","RecipeCARRIER1","Arr[0]","CARRIER1.05","Arr[0]"
2022-11-11T14:32:05.887-07:00,ModuleProcess:3:GeneralExecution-NotExecuting,"ProcessChamber1","LocalProcessJob0005","Arr[0]","RecipeCARRIER1","RecipeCARRIER1","Arr[0]","CARRIER1.07","Arr[0]"
2022-11-11T14:32:20.023-07:00,ModuleProcess:3:GeneralExecution-NotExecuting,"ProcessChamber1","LocalProcessJob0005","Arr[0]","RecipeCARRIER1","RecipeCARRIER1","Arr[0]","CARRIER1.09","Arr[0]"
2022-11-11T14:32:34.218-07:00,ModuleProcess:3:GeneralExecution-NotExecuting,"ProcessChamber1","LocalProcessJob0005","Arr[0]","RecipeCARRIER1","RecipeCARRIER1","Arr[0]","CARRIER1.11","Arr[0]"
2022-11-11T14:32:48.451-07:00,ModuleProcess:3:GeneralExecution-NotExecuting,"ProcessChamber1","LocalProcessJob0005","Arr[0]","RecipeCARRIER1","RecipeCARRIER1","Arr[0]","CARRIER1.13","Arr[0]"
2022-11-11T14:33:02.739-07:00,ModuleProcess:3:GeneralExecution-NotExecuting,"ProcessChamber1","LocalProcessJob0005","Arr[0]","RecipeCARRIER1","RecipeCARRIER1","Arr[0]","CARRIER1.15","Arr[0]"
2022-11-11T14:33:17.036-07:00,ModuleProcess:3:GeneralExecution-NotExecuting,"ProcessChamber1","LocalProcessJob0005","Arr[0]","RecipeCARRIER1","RecipeCARRIER1","Arr[0]","CARRIER1.17","Arr[0]"
2022-11-11T14:33:31.389-07:00,ModuleProcess:3:GeneralExecution-NotExecuting,"ProcessChamber1","LocalProcessJob0005","Arr[0]","RecipeCARRIER1","RecipeCARRIER1","Arr[0]","CARRIER1.19","Arr[0]"
2022-11-11T14:33:45.614-07:00,ModuleProcess:3:GeneralExecution-NotExecuting,"ProcessChamber1","LocalProcessJob0005","Arr[0]","RecipeCARRIER1","RecipeCARRIER1","Arr[0]","CARRIER1.21","Arr[0]"
2022-11-11T14:33:59.842-07:00,ModuleProcess:3:GeneralExecution-NotExecuting,"ProcessChamber1","LocalProcessJob0005","Arr[0]","RecipeCARRIER1","RecipeCARRIER1","Arr[0]","CARRIER1.23","Arr[0]"
2022-11-11T14:34:14.136-07:00,ModuleProcess:3:GeneralExecution-NotExecuting,"ProcessChamber1","LocalProcessJob0005","Arr[0]","RecipeCARRIER1","RecipeCARRIER1","Arr[0]","CARRIER1.25","Arr[0]"
2022-11-11T14:34:28.384-07:00,ModuleProcess:3:GeneralExecution-NotExecuting,"ProcessChamber1","LocalProcessJob0006","Arr[0]","RecipeCARRIER2","RecipeCARRIER2","Arr[0]","CARRIER2.02","Arr[0]"
2022-11-11T14:34:42.729-07:00,ModuleProcess:3:GeneralExecution-NotExecuting,"ProcessChamber1","LocalProcessJob0006","Arr[0]","RecipeCARRIER2","RecipeCARRIER2","Arr[0]","CARRIER2.04","Arr[0]"
2022-11-11T14:34:56.968-07:00,ModuleProcess:3:GeneralExecution-NotExecuting,"ProcessChamber1","LocalProcessJob0006","Arr[0]","RecipeCARRIER2","RecipeCARRIER2","Arr[0]","CARRIER2.06","Arr[0]"
2022-11-11T14:35:11.138-07:00,ModuleProcess:3:GeneralExecution-NotExecuting,"ProcessChamber1","LocalProcessJob0006","Arr[0]","RecipeCARRIER2","RecipeCARRIER2","Arr[0]","CARRIER2.08","Arr[0]"
2022-11-11T14:35:25.445-07:00,ModuleProcess:3:GeneralExecution-NotExecuting,"ProcessChamber1","LocalProcessJob0006","Arr[0]","RecipeCARRIER2","RecipeCARRIER2","Arr[0]","CARRIER2.10","Arr[0]"
2022-11-11T14:35:39.824-07:00,ModuleProcess:3:GeneralExecution-NotExecuting,"ProcessChamber1","LocalProcessJob0006","Arr[0]","RecipeCARRIER2","RecipeCARRIER2","Arr[0]","CARRIER2.12","Arr[0]"
2022-11-11T14:35:54.079-07:00,ModuleProcess:3:GeneralExecution-NotExecuting,"ProcessChamber1","LocalProcessJob0006","Arr[0]","RecipeCARRIER2","RecipeCARRIER2","Arr[0]","CARRIER2.14","Arr[0]"
2022-11-11T14:36:08.249-07:00,ModuleProcess:3:GeneralExecution-NotExecuting,"ProcessChamber1","LocalProcessJob0006","Arr[0]","RecipeCARRIER2","RecipeCARRIER2","Arr[0]","CARRIER2.16","Arr[0]"
2022-11-11T14:36:22.557-07:00,ModuleProcess:3:GeneralExecution-NotExecuting,"ProcessChamber1","LocalProcessJob0006","Arr[0]","RecipeCARRIER2","RecipeCARRIER2","Arr[0]","CARRIER2.18","Arr[0]"
2022-11-11T14:36:37.497-07:00,ModuleProcess:3:GeneralExecution-NotExecuting,"ProcessChamber1","LocalProcessJob0006","Arr[0]","RecipeCARRIER2","RecipeCARRIER2","Arr[0]","CARRIER2.20","Arr[0]"
2022-11-11T14:36:52.025-07:00,ModuleProcess:3:GeneralExecution-NotExecuting,"ProcessChamber1","LocalProcessJob0006","Arr[0]","RecipeCARRIER2","RecipeCARRIER2","Arr[0]","CARRIER2.22","Arr[0]"
2022-11-11T14:37:05.856-07:00,ModuleProcess:3:GeneralExecution-NotExecuting,"ProcessChamber1","LocalProcessJob0006","Arr[0]","RecipeCARRIER2","RecipeCARRIER2","Arr[0]","CARRIER2.24","Arr[0]"
2022-11-11T14:37:37.466-07:00,ModuleProcess:3:GeneralExecution-NotExecuting,"ProcessChamber1","LocalProcessJob0007","Arr[0]","RecipeCARRIER1","RecipeCARRIER1","Arr[0]","CARRIER1.01","Arr[0]"
2022-11-11T14:51:32.229-07:00,ModuleProcess:3:GeneralExecution-NotExecuting,"ProcessChamber1","LocalProcessJob0007","Arr[0]","RecipeCARRIER1","RecipeCARRIER1","Arr[0]","CARRIER1.03","Arr[0]"
2022-11-11T14:51:46.533-07:00,ModuleProcess:3:GeneralExecution-NotExecuting,"ProcessChamber1","LocalProcessJob0007","Arr[0]","RecipeCARRIER1","RecipeCARRIER1","Arr[0]","CARRIER1.05","Arr[0]"
2022-11-11T14:52:00.683-07:00,ModuleProcess:3:GeneralExecution-NotExecuting,"ProcessChamber1","LocalProcessJob0007","Arr[0]","RecipeCARRIER1","RecipeCARRIER1","Arr[0]","CARRIER1.07","Arr[0]"
2022-11-11T14:52:15.522-07:00,ModuleProcess:3:GeneralExecution-NotExecuting,"ProcessChamber1","LocalProcessJob0007","Arr[0]","RecipeCARRIER1","RecipeCARRIER1","Arr[0]","CARRIER1.09","Arr[0]"
2022-11-11T14:52:29.670-07:00,ModuleProcess:3:GeneralExecution-NotExecuting,"ProcessChamber1","LocalProcessJob0007","Arr[0]","RecipeCARRIER1","RecipeCARRIER1","Arr[0]","CARRIER1.11","Arr[0]"
2022-11-11T14:52:43.989-07:00,ModuleProcess:3:GeneralExecution-NotExecuting,"ProcessChamber1","LocalProcessJob0007","Arr[0]","RecipeCARRIER1","RecipeCARRIER1","Arr[0]","CARRIER1.13","Arr[0]"
2022-11-11T14:52:58.330-07:00,ModuleProcess:3:GeneralExecution-NotExecuting,"ProcessChamber1","LocalProcessJob0007","Arr[0]","RecipeCARRIER1","RecipeCARRIER1","Arr[0]","CARRIER1.15","Arr[0]"
2022-11-11T14:53:12.666-07:00,ModuleProcess:3:GeneralExecution-NotExecuting,"ProcessChamber1","LocalProcessJob0007","Arr[0]","RecipeCARRIER1","RecipeCARRIER1","Arr[0]","CARRIER1.17","Arr[0]"
2022-11-11T14:53:26.936-07:00,ModuleProcess:3:GeneralExecution-NotExecuting,"ProcessChamber1","LocalProcessJob0007","Arr[0]","RecipeCARRIER1","RecipeCARRIER1","Arr[0]","CARRIER1.19","Arr[0]"
2022-11-11T14:53:41.121-07:00,ModuleProcess:3:GeneralExecution-NotExecuting,"ProcessChamber1","LocalProcessJob0007","Arr[0]","RecipeCARRIER1","RecipeCARRIER1","Arr[0]","CARRIER1.21","Arr[0]"
2022-11-11T14:53:55.452-07:00,ModuleProcess:3:GeneralExecution-NotExecuting,"ProcessChamber1","LocalProcessJob0007","Arr[0]","RecipeCARRIER1","RecipeCARRIER1","Arr[0]","CARRIER1.23","Arr[0]"
2022-11-11T14:54:09.757-07:00,ModuleProcess:3:GeneralExecution-NotExecuting,"ProcessChamber1","LocalProcessJob0007","Arr[0]","RecipeCARRIER1","RecipeCARRIER1","Arr[0]","CARRIER1.25","Arr[0]"
2022-11-11T14:54:24.111-07:00,ModuleProcess:3:GeneralExecution-NotExecuting,"ProcessChamber1","LocalProcessJob0008","Arr[0]","RecipeCARRIER2","RecipeCARRIER2","Arr[0]","CARRIER2.02","Arr[0]"
