Time,Id,CimetrixGEM300Simulation/ModuleID,CimetrixGEM300Simulation/ProcessJobID,CimetrixGEM300Simulation/ProcessJobIDList,CimetrixGEM300Simulation/RCID,CimetrixGEM300Simulation/RecID,CimetrixGEM300Simulation/RecipeParameters,CimetrixGEM300Simulation/StepCount,CimetrixGEM300Simulation/StepID,CimetrixGEM300Simulation/SubstrateID,CimetrixGEM300Simulation/SubstrateIDList
2022-11-11T14:26:18.069-07:00,ModuleProcess:5:GeneralExecution-StepActive,"ProcessChamber1","LocalProcessJob0003","Arr[0]","RecipeCARRIER1","RecipeCARRIER1","Arr[0]",1,"Step-0","CARRIER1.13","Arr[0]"
2022-11-11T14:26:19.131-07:00,ModuleProcess:5:GeneralExecution-StepActive,"ProcessChamber1","LocalProcessJob0003","Arr[0]","RecipeCARRIER1","RecipeCARRIER1","Arr[0]",2,"Step-1","CARRIER1.13","Arr[0]"
2022-11-11T14:26:20.176-07:00,ModuleProcess:5:GeneralExecution-StepActive,"ProcessChamber1","LocalProcessJob0003","Arr[0]","RecipeCARRIER1","RecipeCARRIER1","Arr[0]",3,"Step-2","CARRIER1.13","Arr[0]"
2022-11-11T14:26:21.270-07:00,ModuleProcess:5:GeneralExecution-StepActive,"ProcessChamber1","LocalProcessJob0003","Arr[0]","RecipeCARRIER1","RecipeCARRIER1","Arr[0]",4,"Step-3","CARRIER1.13","Arr[0]"
2022-11-11T14:26:22.394-07:00,ModuleProcess:5:GeneralExecution-StepActive,"ProcessChamber1","LocalProcessJob0003","Arr[0]","RecipeCARRIER1","RecipeCARRIER1","Arr[0]",5,"Step-4","CARRIER1.13","Arr[0]"
2022-11-11T14:26:23.530-07:00,ModuleProcess:5:GeneralExecution-StepActive,"ProcessChamber1","LocalProcessJob0003","Arr[0]","RecipeCARRIER1","RecipeCARRIER1","Arr[0]",6,"Step-5","CARRIER1.13","Arr[0]"
2022-11-11T14:26:24.643-07:00,ModuleProcess:5:GeneralExecution-StepActive,"ProcessChamber1","LocalProcessJob0003","Arr[0]","RecipeCARRIER1","RecipeCARRIER1","Arr[0]",7,"Step-6","CARRIER1.13","Arr[0]"
2022-11-11T14:26:25.770-07:00,ModuleProcess:5:GeneralExecution-StepActive,"ProcessChamber1","LocalProcessJob0003","Arr[0]","RecipeCARRIER1","RecipeCARRIER1","Arr[0]",8,"Step-7","CARRIER1.13","Arr[0]"
2022-11-11T14:26:26.883-07:00,ModuleProcess:5:GeneralExecution-StepActive,"ProcessChamber1","LocalProcessJob0003","Arr[0]","RecipeCARRIER1","RecipeCARRIER1","Arr[0]",9,"Step-8","CARRIER1.13","Arr[0]"
2022-11-11T14:26:27.975-07:00,ModuleProcess:5:GeneralExecution-StepActive,"ProcessChamber1","LocalProcessJob0003","Arr[0]","RecipeCARRIER1","RecipeCARRIER1","Arr[0]",10,"Step-9","CARRIER1.13","Arr[0]"
2022-11-11T14:26:32.366-07:00,ModuleProcess:5:GeneralExecution-StepActive,"ProcessChamber1","LocalProcessJob0003","Arr[0]","RecipeCARRIER1","RecipeCARRIER1","Arr[0]",1,"Step-0","CARRIER1.15","Arr[0]"
2022-11-11T14:26:33.425-07:00,ModuleProcess:5:GeneralExecution-StepActive,"ProcessChamber1","LocalProcessJob0003","Arr[0]","RecipeCARRIER1","RecipeCARRIER1","Arr[0]",2,"Step-1","CARRIER1.15","Arr[0]"
2022-11-11T14:26:34.473-07:00,ModuleProcess:5:GeneralExecution-StepActive,"ProcessChamber1","LocalProcessJob0003","Arr[0]","RecipeCARRIER1","RecipeCARRIER1","Arr[0]",3,"Step-2","CARRIER1.15","Arr[0]"
2022-11-11T14:26:35.575-07:00,ModuleProcess:5:GeneralExecution-StepActive,"ProcessChamber1","LocalProcessJob0003","Arr[0]","RecipeCARRIER1","RecipeCARRIER1","Arr[0]",4,"Step-3","CARRIER1.15","Arr[0]"
2022-11-11T14:26:36.677-07:00,ModuleProcess:5:GeneralExecution-StepActive,"ProcessChamber1","LocalProcessJob0003","Arr[0]","RecipeCARRIER1","RecipeCARRIER1","Arr[0]",5,"Step-4","CARRIER1.15","Arr[0]"
2022-11-11T14:26:37.812-07:00,ModuleProcess:5:GeneralExecution-StepActive,"ProcessChamber1","LocalProcessJob0003","Arr[0]","RecipeCARRIER1","RecipeCARRIER1","Arr[0]",6,"Step-5","CARRIER1.15","Arr[0]"
2022-11-11T14:26:38.908-07:00,ModuleProcess:5:GeneralExecution-StepActive,"ProcessChamber1","LocalProcessJob0003","Arr[0]","RecipeCARRIER1","RecipeCARRIER1","Arr[0]",7,"Step-6","CARRIER1.15","Arr[0]"
2022-11-11T14:26:40.035-07:00,ModuleProcess:5:GeneralExecution-StepActive,"ProcessChamber1","LocalProcessJob0003","Arr[0]","RecipeCARRIER1","RecipeCARRIER1","Arr[0]",8,"Step-7","CARRIER1.15","Arr[0]"
2022-11-11T14:26:41.139-07:00,ModuleProcess:5:GeneralExecution-StepActive,"ProcessChamber1","LocalProcessJob0003","Arr[0]","RecipeCARRIER1","RecipeCARRIER1","Arr[0]",9,"Step-8","CARRIER1.15","Arr[0]"
2022-11-11T14:26:42.234-07:00,ModuleProcess:5:GeneralExecution-StepActive,"ProcessChamber1","LocalProcessJob0003","Arr[0]","RecipeCARRIER1","RecipeCARRIER1","Arr[0]",10,"Step-9","CARRIER1.15","Arr[0]"
2022-11-11T14:26:46.703-07:00,ModuleProcess:5:GeneralExecution-StepActive,"ProcessChamber1","LocalProcessJob0003","Arr[0]","RecipeCARRIER1","RecipeCARRIER1","Arr[0]",1,"Step-0","CARRIER1.17","Arr[0]"
2022-11-11T14:26:47.755-07:00,ModuleProcess:5:GeneralExecution-StepActive,"ProcessChamber1","LocalProcessJob0003","Arr[0]","RecipeCARRIER1","RecipeCARRIER1","Arr[0]",2,"Step-1","CARRIER1.17","Arr[0]"
2022-11-11T14:26:48.801-07:00,ModuleProcess:5:GeneralExecution-StepActive,"ProcessChamber1","LocalProcessJob0003","Arr[0]","RecipeCARRIER1","RecipeCARRIER1","Arr[0]",3,"Step-2","CARRIER1.17","Arr[0]"
2022-11-11T14:26:49.900-07:00,ModuleProcess:5:GeneralExecution-StepActive,"ProcessChamber1","LocalProcessJob0003","Arr[0]","RecipeCARRIER1","RecipeCARRIER1","Arr[0]",4,"Step-3","CARRIER1.17","Arr[0]"
2022-11-11T14:26:50.992-07:00,ModuleProcess:5:GeneralExecution-StepActive,"ProcessChamber1","LocalProcessJob0003","Arr[0]","RecipeCARRIER1","RecipeCARRIER1","Arr[0]",5,"Step-4","CARRIER1.17","Arr[0]"
2022-11-11T14:26:52.090-07:00,ModuleProcess:5:GeneralExecution-StepActive,"ProcessChamber1","LocalProcessJob0003","Arr[0]","RecipeCARRIER1","RecipeCARRIER1","Arr[0]",6,"Step-5","CARRIER1.17","Arr[0]"
2022-11-11T14:26:53.200-07:00,ModuleProcess:5:GeneralExecution-StepActive,"ProcessChamber1","LocalProcessJob0003","Arr[0]","RecipeCARRIER1","RecipeCARRIER1","Arr[0]",7,"Step-6","CARRIER1.17","Arr[0]"
2022-11-11T14:26:54.339-07:00,ModuleProcess:5:GeneralExecution-StepActive,"ProcessChamber1","LocalProcessJob0003","Arr[0]","RecipeCARRIER1","RecipeCARRIER1","Arr[0]",8,"Step-7","CARRIER1.17","Arr[0]"
2022-11-11T14:26:55.455-07:00,ModuleProcess:5:GeneralExecution-StepActive,"ProcessChamber1","LocalProcessJob0003","Arr[0]","RecipeCARRIER1","RecipeCARRIER1","Arr[0]",9,"Step-8","CARRIER1.17","Arr[0]"
2022-11-11T14:26:56.548-07:00,ModuleProcess:5:GeneralExecution-StepActive,"ProcessChamber1","LocalProcessJob0003","Arr[0]","RecipeCARRIER1","RecipeCARRIER1","Arr[0]",10,"Step-9","CARRIER1.17","Arr[0]"
2022-11-11T14:27:00.958-07:00,ModuleProcess:5:GeneralExecution-StepActive,"ProcessChamber1","LocalProcessJob0003","Arr[0]","RecipeCARRIER1","RecipeCARRIER1","Arr[0]",1,"Step-0","CARRIER1.19","Arr[0]"
2022-11-11T14:27:02.008-07:00,ModuleProcess:5:GeneralExecution-StepActive,"ProcessChamber1","LocalProcessJob0003","Arr[0]","RecipeCARRIER1","RecipeCARRIER1","Arr[0]",2,"Step-1","CARRIER1.19","Arr[0]"
2022-11-11T14:27:03.057-07:00,ModuleProcess:5:GeneralExecution-StepActive,"ProcessChamber1","LocalProcessJob0003","Arr[0]","RecipeCARRIER1","RecipeCARRIER1","Arr[0]",3,"Step-2","CARRIER1.19","Arr[0]"
2022-11-11T14:27:04.159-07:00,ModuleProcess:5:GeneralExecution-StepActive,"ProcessChamber1","LocalProcessJob0003","Arr[0]","RecipeCARRIER1","RecipeCARRIER1","Arr[0]",4,"Step-3","CARRIER1.19","Arr[0]"
2022-11-11T14:27:05.286-07:00,ModuleProcess:5:GeneralExecution-StepActive,"ProcessChamber1","LocalProcessJob0003","Arr[0]","RecipeCARRIER1","RecipeCARRIER1","Arr[0]",5,"Step-4","CARRIER1.19","Arr[0]"
2022-11-11T14:27:06.384-07:00,ModuleProcess:5:GeneralExecution-StepActive,"ProcessChamber1","LocalProcessJob0003","Arr[0]","RecipeCARRIER1","RecipeCARRIER1","Arr[0]",6,"Step-5","CARRIER1.19","Arr[0]"
2022-11-11T14:27:07.473-07:00,ModuleProcess:5:GeneralExecution-StepActive,"ProcessChamber1","LocalProcessJob0003","Arr[0]","RecipeCARRIER1","RecipeCARRIER1","Arr[0]",7,"Step-6","CARRIER1.19","Arr[0]"
2022-11-11T14:27:08.635-07:00,ModuleProcess:5:GeneralExecution-StepActive,"ProcessChamber1","LocalProcessJob0003","Arr[0]","RecipeCARRIER1","RecipeCARRIER1","Arr[0]",8,"Step-7","CARRIER1.19","Arr[0]"
2022-11-11T14:27:09.735-07:00,ModuleProcess:5:GeneralExecution-StepActive,"ProcessChamber1","LocalProcessJob0003","Arr[0]","RecipeCARRIER1","RecipeCARRIER1","Arr[0]",9,"Step-8","CARRIER1.19","Arr[0]"
2022-11-11T14:27:10.823-07:00,ModuleProcess:5:GeneralExecution-StepActive,"ProcessChamber1","LocalProcessJob0003","Arr[0]","RecipeCARRIER1","RecipeCARRIER1","Arr[0]",10,"Step-9","CARRIER1.19","Arr[0]"
2022-11-11T14:27:15.310-07:00,ModuleProcess:5:GeneralExecution-StepActive,"ProcessChamber1","LocalProcessJob0003","Arr[0]","RecipeCARRIER1","RecipeCARRIER1","Arr[0]",1,"Step-0","CARRIER1.21","Arr[0]"
2022-11-11T14:27:16.362-07:00,ModuleProcess:5:GeneralExecution-StepActive,"ProcessChamber1","LocalProcessJob0003","Arr[0]","RecipeCARRIER1","RecipeCARRIER1","Arr[0]",2,"Step-1","CARRIER1.21","Arr[0]"
2022-11-11T14:27:17.410-07:00,ModuleProcess:5:GeneralExecution-StepActive,"ProcessChamber1","LocalProcessJob0003","Arr[0]","RecipeCARRIER1","RecipeCARRIER1","Arr[0]",3,"Step-2","CARRIER1.21","Arr[0]"
2022-11-11T14:27:18.502-07:00,ModuleProcess:5:GeneralExecution-StepActive,"ProcessChamber1","LocalProcessJob0003","Arr[0]","RecipeCARRIER1","RecipeCARRIER1","Arr[0]",4,"Step-3","CARRIER1.21","Arr[0]"
2022-11-11T14:27:19.626-07:00,ModuleProcess:5:GeneralExecution-StepActive,"ProcessChamber1","LocalProcessJob0003","Arr[0]","RecipeCARRIER1","RecipeCARRIER1","Arr[0]",5,"Step-4","CARRIER1.21","Arr[0]"
2022-11-11T14:27:20.739-07:00,ModuleProcess:5:GeneralExecution-StepActive,"ProcessChamber1","LocalProcessJob0003","Arr[0]","RecipeCARRIER1","RecipeCARRIER1","Arr[0]",6,"Step-5","CARRIER1.21","Arr[0]"
2022-11-11T14:27:21.859-07:00,ModuleProcess:5:GeneralExecution-StepActive,"ProcessChamber1","LocalProcessJob0003","Arr[0]","RecipeCARRIER1","RecipeCARRIER1","Arr[0]",7,"Step-6","CARRIER1.21","Arr[0]"
2022-11-11T14:27:22.980-07:00,ModuleProcess:5:GeneralExecution-StepActive,"ProcessChamber1","LocalProcessJob0003","Arr[0]","RecipeCARRIER1","RecipeCARRIER1","Arr[0]",8,"Step-7","CARRIER1.21","Arr[0]"
2022-11-11T14:27:24.094-07:00,ModuleProcess:5:GeneralExecution-StepActive,"ProcessChamber1","LocalProcessJob0003","Arr[0]","RecipeCARRIER1","RecipeCARRIER1","Arr[0]",9,"Step-8","CARRIER1.21","Arr[0]"
2022-11-11T14:27:25.190-07:00,ModuleProcess:5:GeneralExecution-StepActive,"ProcessChamber1","LocalProcessJob0003","Arr[0]","RecipeCARRIER1","RecipeCARRIER1","Arr[0]",10,"Step-9","CARRIER1.21","Arr[0]"
2022-11-11T14:27:29.637-07:00,ModuleProcess:5:GeneralExecution-StepActive,"ProcessChamber1","LocalProcessJob0003","Arr[0]","RecipeCARRIER1","RecipeCARRIER1","Arr[0]",1,"Step-0","CARRIER1.23","Arr[0]"
2022-11-11T14:27:30.687-07:00,ModuleProcess:5:GeneralExecution-StepActive,"ProcessChamber1","LocalProcessJob0003","Arr[0]","RecipeCARRIER1","RecipeCARRIER1","Arr[0]",2,"Step-1","CARRIER1.23","Arr[0]"
2022-11-11T14:27:31.735-07:00,ModuleProcess:5:GeneralExecution-StepActive,"ProcessChamber1","LocalProcessJob0003","Arr[0]","RecipeCARRIER1","RecipeCARRIER1","Arr[0]",3,"Step-2","CARRIER1.23","Arr[0]"
2022-11-11T14:27:32.835-07:00,ModuleProcess:5:GeneralExecution-StepActive,"ProcessChamber1","LocalProcessJob0003","Arr[0]","RecipeCARRIER1","RecipeCARRIER1","Arr[0]",4,"Step-3","CARRIER1.23","Arr[0]"
2022-11-11T14:27:33.930-07:00,ModuleProcess:5:GeneralExecution-StepActive,"ProcessChamber1","LocalProcessJob0003","Arr[0]","RecipeCARRIER1","RecipeCARRIER1","Arr[0]",5,"Step-4","CARRIER1.23","Arr[0]"
2022-11-11T14:27:35.033-07:00,ModuleProcess:5:GeneralExecution-StepActive,"ProcessChamber1","LocalProcessJob0003","Arr[0]","RecipeCARRIER1","RecipeCARRIER1","Arr[0]",6,"Step-5","CARRIER1.23","Arr[0]"
2022-11-11T14:27:36.175-07:00,ModuleProcess:5:GeneralExecution-StepActive,"ProcessChamber1","LocalProcessJob0003","Arr[0]","RecipeCARRIER1","RecipeCARRIER1","Arr[0]",7,"Step-6","CARRIER1.23","Arr[0]"
2022-11-11T14:27:37.281-07:00,ModuleProcess:5:GeneralExecution-StepActive,"ProcessChamber1","LocalProcessJob0003","Arr[0]","RecipeCARRIER1","RecipeCARRIER1","Arr[0]",8,"Step-7","CARRIER1.23","Arr[0]"
2022-11-11T14:27:38.391-07:00,ModuleProcess:5:GeneralExecution-StepActive,"ProcessChamber1","LocalProcessJob0003","Arr[0]","RecipeCARRIER1","RecipeCARRIER1","Arr[0]",9,"Step-8","CARRIER1.23","Arr[0]"
2022-11-11T14:27:39.501-07:00,ModuleProcess:5:GeneralExecution-StepActive,"ProcessChamber1","LocalProcessJob0003","Arr[0]","RecipeCARRIER1","RecipeCARRIER1","Arr[0]",10,"Step-9","CARRIER1.23","Arr[0]"
2022-11-11T14:27:43.910-07:00,ModuleProcess:5:GeneralExecution-StepActive,"ProcessChamber1","LocalProcessJob0003","Arr[0]","RecipeCARRIER1","RecipeCARRIER1","Arr[0]",1,"Step-0","CARRIER1.25","Arr[0]"
2022-11-11T14:27:44.958-07:00,ModuleProcess:5:GeneralExecution-StepActive,"ProcessChamber1","LocalProcessJob0003","Arr[0]","RecipeCARRIER1","RecipeCARRIER1","Arr[0]",2,"Step-1","CARRIER1.25","Arr[0]"
2022-11-11T14:27:46.004-07:00,ModuleProcess:5:GeneralExecution-StepActive,"ProcessChamber1","LocalProcessJob0003","Arr[0]","RecipeCARRIER1","RecipeCARRIER1","Arr[0]",3,"Step-2","CARRIER1.25","Arr[0]"
2022-11-11T14:27:47.108-07:00,ModuleProcess:5:GeneralExecution-StepActive,"ProcessChamber1","LocalProcessJob0003","Arr[0]","RecipeCARRIER1","RecipeCARRIER1","Arr[0]",4,"Step-3","CARRIER1.25","Arr[0]"
2022-11-11T14:27:48.202-07:00,ModuleProcess:5:GeneralExecution-StepActive,"ProcessChamber1","LocalProcessJob0003","Arr[0]","RecipeCARRIER1","RecipeCARRIER1","Arr[0]",5,"Step-4","CARRIER1.25","Arr[0]"
2022-11-11T14:27:49.339-07:00,ModuleProcess:5:GeneralExecution-StepActive,"ProcessChamber1","LocalProcessJob0003","Arr[0]","RecipeCARRIER1","RecipeCARRIER1","Arr[0]",6,"Step-5","CARRIER1.25","Arr[0]"
2022-11-11T14:27:50.446-07:00,ModuleProcess:5:GeneralExecution-StepActive,"ProcessChamber1","LocalProcessJob0003","Arr[0]","RecipeCARRIER1","RecipeCARRIER1","Arr[0]",7,"Step-6","CARRIER1.25","Arr[0]"
2022-11-11T14:27:51.555-07:00,ModuleProcess:5:GeneralExecution-StepActive,"ProcessChamber1","LocalProcessJob0003","Arr[0]","RecipeCARRIER1","RecipeCARRIER1","Arr[0]",8,"Step-7","CARRIER1.25","Arr[0]"
2022-11-11T14:27:52.671-07:00,ModuleProcess:5:GeneralExecution-StepActive,"ProcessChamber1","LocalProcessJob0003","Arr[0]","RecipeCARRIER1","RecipeCARRIER1","Arr[0]",9,"Step-8","CARRIER1.25","Arr[0]"
2022-11-11T14:27:53.811-07:00,ModuleProcess:5:GeneralExecution-StepActive,"ProcessChamber1","LocalProcessJob0003","Arr[0]","RecipeCARRIER1","RecipeCARRIER1","Arr[0]",10,"Step-9","CARRIER1.25","Arr[0]"
2022-11-11T14:27:58.175-07:00,ModuleProcess:5:GeneralExecution-StepActive,"ProcessChamber1","LocalProcessJob0004","Arr[0]","RecipeCARRIER2","RecipeCARRIER2","Arr[0]",1,"Step-0","CARRIER2.02","Arr[0]"
2022-11-11T14:27:59.234-07:00,ModuleProcess:5:GeneralExecution-StepActive,"ProcessChamber1","LocalProcessJob0004","Arr[0]","RecipeCARRIER2","RecipeCARRIER2","Arr[0]",2,"Step-1","CARRIER2.02","Arr[0]"
2022-11-11T14:28:00.280-07:00,ModuleProcess:5:GeneralExecution-StepActive,"ProcessChamber1","LocalProcessJob0004","Arr[0]","RecipeCARRIER2","RecipeCARRIER2","Arr[0]",3,"Step-2","CARRIER2.02","Arr[0]"
2022-11-11T14:28:01.437-07:00,ModuleProcess:5:GeneralExecution-StepActive,"ProcessChamber1","LocalProcessJob0004","Arr[0]","RecipeCARRIER2","RecipeCARRIER2","Arr[0]",4,"Step-3","CARRIER2.02","Arr[0]"
2022-11-11T14:28:02.650-07:00,ModuleProcess:5:GeneralExecution-StepActive,"ProcessChamber1","LocalProcessJob0004","Arr[0]","RecipeCARRIER2","RecipeCARRIER2","Arr[0]",5,"Step-4","CARRIER2.02","Arr[0]"
2022-11-11T14:28:04.026-07:00,ModuleProcess:5:GeneralExecution-StepActive,"ProcessChamber1","LocalProcessJob0004","Arr[0]","RecipeCARRIER2","RecipeCARRIER2","Arr[0]",6,"Step-5","CARRIER2.02","Arr[0]"
2022-11-11T14:28:05.145-07:00,ModuleProcess:5:GeneralExecution-StepActive,"ProcessChamber1","LocalProcessJob0004","Arr[0]","RecipeCARRIER2","RecipeCARRIER2","Arr[0]",7,"Step-6","CARRIER2.02","Arr[0]"
2022-11-11T14:28:06.269-07:00,ModuleProcess:5:GeneralExecution-StepActive,"ProcessChamber1","LocalProcessJob0004","Arr[0]","RecipeCARRIER2","RecipeCARRIER2","Arr[0]",8,"Step-7","CARRIER2.02","Arr[0]"
2022-11-11T14:28:07.378-07:00,ModuleProcess:5:GeneralExecution-StepActive,"ProcessChamber1","LocalProcessJob0004","Arr[0]","RecipeCARRIER2","RecipeCARRIER2","Arr[0]",9,"Step-8","CARRIER2.02","Arr[0]"
2022-11-11T14:28:08.468-07:00,ModuleProcess:5:GeneralExecution-StepActive,"ProcessChamber1","LocalProcessJob0004","Arr[0]","RecipeCARRIER2","RecipeCARRIER2","Arr[0]",10,"Step-9","CARRIER2.02","Arr[0]"
2022-11-11T14:28:12.558-07:00,ModuleProcess:5:GeneralExecution-StepActive,"ProcessChamber1","LocalProcessJob0004","Arr[0]","RecipeCARRIER2","RecipeCARRIER2","Arr[0]",1,"Step-0","CARRIER2.04","Arr[0]"
2022-11-11T14:28:13.614-07:00,ModuleProcess:5:GeneralExecution-StepActive,"ProcessChamber1","LocalProcessJob0004","Arr[0]","RecipeCARRIER2","RecipeCARRIER2","Arr[0]",2,"Step-1","CARRIER2.04","Arr[0]"
2022-11-11T14:28:14.664-07:00,ModuleProcess:5:GeneralExecution-StepActive,"ProcessChamber1","LocalProcessJob0004","Arr[0]","RecipeCARRIER2","RecipeCARRIER2","Arr[0]",3,"Step-2","CARRIER2.04","Arr[0]"
2022-11-11T14:28:15.806-07:00,ModuleProcess:5:GeneralExecution-StepActive,"ProcessChamber1","LocalProcessJob0004","Arr[0]","RecipeCARRIER2","RecipeCARRIER2","Arr[0]",4,"Step-3","CARRIER2.04","Arr[0]"
2022-11-11T14:28:16.933-07:00,ModuleProcess:5:GeneralExecution-StepActive,"ProcessChamber1","LocalProcessJob0004","Arr[0]","RecipeCARRIER2","RecipeCARRIER2","Arr[0]",5,"Step-4","CARRIER2.04","Arr[0]"
2022-11-11T14:28:18.028-07:00,ModuleProcess:5:GeneralExecution-StepActive,"ProcessChamber1","LocalProcessJob0004","Arr[0]","RecipeCARRIER2","RecipeCARRIER2","Arr[0]",6,"Step-5","CARRIER2.04","Arr[0]"
2022-11-11T14:28:19.132-07:00,ModuleProcess:5:GeneralExecution-StepActive,"ProcessChamber1","LocalProcessJob0004","Arr[0]","RecipeCARRIER2","RecipeCARRIER2","Arr[0]",7,"Step-6","CARRIER2.04","Arr[0]"
2022-11-11T14:28:20.252-07:00,ModuleProcess:5:GeneralExecution-StepActive,"ProcessChamber1","LocalProcessJob0004","Arr[0]","RecipeCARRIER2","RecipeCARRIER2","Arr[0]",8,"Step-7","CARRIER2.04","Arr[0]"
2022-11-11T14:28:21.368-07:00,ModuleProcess:5:GeneralExecution-StepActive,"ProcessChamber1","LocalProcessJob0004","Arr[0]","RecipeCARRIER2","RecipeCARRIER2","Arr[0]",9,"Step-8","CARRIER2.04","Arr[0]"
2022-11-11T14:28:22.469-07:00,ModuleProcess:5:GeneralExecution-StepActive,"ProcessChamber1","LocalProcessJob0004","Arr[0]","RecipeCARRIER2","RecipeCARRIER2","Arr[0]",10,"Step-9","CARRIER2.04","Arr[0]"
2022-11-11T14:28:26.792-07:00,ModuleProcess:5:GeneralExecution-StepActive,"ProcessChamber1","LocalProcessJob0004","Arr[0]","RecipeCARRIER2","RecipeCARRIER2","Arr[0]",1,"Step-0","CARRIER2.06","Arr[0]"
2022-11-11T14:28:27.844-07:00,ModuleProcess:5:GeneralExecution-StepActive,"ProcessChamber1","LocalProcessJob0004","Arr[0]","RecipeCARRIER2","RecipeCARRIER2","Arr[0]",2,"Step-1","CARRIER2.06","Arr[0]"
2022-11-11T14:28:28.898-07:00,ModuleProcess:5:GeneralExecution-StepActive,"ProcessChamber1","LocalProcessJob0004","Arr[0]","RecipeCARRIER2","RecipeCARRIER2","Arr[0]",3,"Step-2","CARRIER2.06","Arr[0]"
2022-11-11T14:28:30.032-07:00,ModuleProcess:5:GeneralExecution-StepActive,"ProcessChamber1","LocalProcessJob0004","Arr[0]","RecipeCARRIER2","RecipeCARRIER2","Arr[0]",4,"Step-3","CARRIER2.06","Arr[0]"
2022-11-11T14:28:31.137-07:00,ModuleProcess:5:GeneralExecution-StepActive,"ProcessChamber1","LocalProcessJob0004","Arr[0]","RecipeCARRIER2","RecipeCARRIER2","Arr[0]",5,"Step-4","CARRIER2.06","Arr[0]"
2022-11-11T14:28:32.245-07:00,ModuleProcess:5:GeneralExecution-StepActive,"ProcessChamber1","LocalProcessJob0004","Arr[0]","RecipeCARRIER2","RecipeCARRIER2","Arr[0]",6,"Step-5","CARRIER2.06","Arr[0]"
2022-11-11T14:28:33.360-07:00,ModuleProcess:5:GeneralExecution-StepActive,"ProcessChamber1","LocalProcessJob0004","Arr[0]","RecipeCARRIER2","RecipeCARRIER2","Arr[0]",7,"Step-6","CARRIER2.06","Arr[0]"
2022-11-11T14:28:34.462-07:00,ModuleProcess:5:GeneralExecution-StepActive,"ProcessChamber1","LocalProcessJob0004","Arr[0]","RecipeCARRIER2","RecipeCARRIER2","Arr[0]",8,"Step-7","CARRIER2.06","Arr[0]"
2022-11-11T14:28:35.572-07:00,ModuleProcess:5:GeneralExecution-StepActive,"ProcessChamber1","LocalProcessJob0004","Arr[0]","RecipeCARRIER2","RecipeCARRIER2","Arr[0]",9,"Step-8","CARRIER2.06","Arr[0]"
2022-11-11T14:28:36.686-07:00,ModuleProcess:5:GeneralExecution-StepActive,"ProcessChamber1","LocalProcessJob0004","Arr[0]","RecipeCARRIER2","RecipeCARRIER2","Arr[0]",10,"Step-9","CARRIER2.06","Arr[0]"
2022-11-11T14:28:41.101-07:00,ModuleProcess:5:GeneralExecution-StepActive,"ProcessChamber1","LocalProcessJob0004","Arr[0]","RecipeCARRIER2","RecipeCARRIER2","Arr[0]",1,"Step-0","CARRIER2.08","Arr[0]"
2022-11-11T14:28:42.152-07:00,ModuleProcess:5:GeneralExecution-StepActive,"ProcessChamber1","LocalProcessJob0004","Arr[0]","RecipeCARRIER2","RecipeCARRIER2","Arr[0]",2,"Step-1","CARRIER2.08","Arr[0]"
2022-11-11T14:28:43.205-07:00,ModuleProcess:5:GeneralExecution-StepActive,"ProcessChamber1","LocalProcessJob0004","Arr[0]","RecipeCARRIER2","RecipeCARRIER2","Arr[0]",3,"Step-2","CARRIER2.08","Arr[0]"
2022-11-11T14:28:44.302-07:00,ModuleProcess:5:GeneralExecution-StepActive,"ProcessChamber1","LocalProcessJob0004","Arr[0]","RecipeCARRIER2","RecipeCARRIER2","Arr[0]",4,"Step-3","CARRIER2.08","Arr[0]"
2022-11-11T14:28:45.451-07:00,ModuleProcess:5:GeneralExecution-StepActive,"ProcessChamber1","LocalProcessJob0004","Arr[0]","RecipeCARRIER2","RecipeCARRIER2","Arr[0]",5,"Step-4","CARRIER2.08","Arr[0]"
2022-11-11T14:28:46.560-07:00,ModuleProcess:5:GeneralExecution-StepActive,"ProcessChamber1","LocalProcessJob0004","Arr[0]","RecipeCARRIER2","RecipeCARRIER2","Arr[0]",6,"Step-5","CARRIER2.08","Arr[0]"
2022-11-11T14:28:47.661-07:00,ModuleProcess:5:GeneralExecution-StepActive,"ProcessChamber1","LocalProcessJob0004","Arr[0]","RecipeCARRIER2","RecipeCARRIER2","Arr[0]",7,"Step-6","CARRIER2.08","Arr[0]"
2022-11-11T14:28:48.777-07:00,ModuleProcess:5:GeneralExecution-StepActive,"ProcessChamber1","LocalProcessJob0004","Arr[0]","RecipeCARRIER2","RecipeCARRIER2","Arr[0]",8,"Step-7","CARRIER2.08","Arr[0]"
2022-11-11T14:28:49.878-07:00,ModuleProcess:5:GeneralExecution-StepActive,"ProcessChamber1","LocalProcessJob0004","Arr[0]","RecipeCARRIER2","RecipeCARRIER2","Arr[0]",9,"Step-8","CARRIER2.08","Arr[0]"
2022-11-11T14:28:50.977-07:00,ModuleProcess:5:GeneralExecution-StepActive,"ProcessChamber1","LocalProcessJob0004","Arr[0]","RecipeCARRIER2","RecipeCARRIER2","Arr[0]",10,"Step-9","CARRIER2.08","Arr[0]"
2022-11-11T14:28:55.354-07:00,ModuleProcess:5:GeneralExecution-StepActive,"ProcessChamber1","LocalProcessJob0004","Arr[0]","RecipeCARRIER2","RecipeCARRIER2","Arr[0]",1,"Step-0","CARRIER2.10","Arr[0]"
2022-11-11T14:28:56.412-07:00,ModuleProcess:5:GeneralExecution-StepActive,"ProcessChamber1","LocalProcessJob0004","Arr[0]","RecipeCARRIER2","RecipeCARRIER2","Arr[0]",2,"Step-1","CARRIER2.10","Arr[0]"
2022-11-11T14:28:57.463-07:00,ModuleProcess:5:GeneralExecution-StepActive,"ProcessChamber1","LocalProcessJob0004","Arr[0]","RecipeCARRIER2","RecipeCARRIER2","Arr[0]",3,"Step-2","CARRIER2.10","Arr[0]"
2022-11-11T14:28:58.600-07:00,ModuleProcess:5:GeneralExecution-StepActive,"ProcessChamber1","LocalProcessJob0004","Arr[0]","RecipeCARRIER2","RecipeCARRIER2","Arr[0]",4,"Step-3","CARRIER2.10","Arr[0]"
2022-11-11T14:28:59.706-07:00,ModuleProcess:5:GeneralExecution-StepActive,"ProcessChamber1","LocalProcessJob0004","Arr[0]","RecipeCARRIER2","RecipeCARRIER2","Arr[0]",5,"Step-4","CARRIER2.10","Arr[0]"
2022-11-11T14:29:00.805-07:00,ModuleProcess:5:GeneralExecution-StepActive,"ProcessChamber1","LocalProcessJob0004","Arr[0]","RecipeCARRIER2","RecipeCARRIER2","Arr[0]",6,"Step-5","CARRIER2.10","Arr[0]"
2022-11-11T14:29:01.911-07:00,ModuleProcess:5:GeneralExecution-StepActive,"ProcessChamber1","LocalProcessJob0004","Arr[0]","RecipeCARRIER2","RecipeCARRIER2","Arr[0]",7,"Step-6","CARRIER2.10","Arr[0]"
2022-11-11T14:29:03.013-07:00,ModuleProcess:5:GeneralExecution-StepActive,"ProcessChamber1","LocalProcessJob0004","Arr[0]","RecipeCARRIER2","RecipeCARRIER2","Arr[0]",8,"Step-7","CARRIER2.10","Arr[0]"
2022-11-11T14:29:04.108-07:00,ModuleProcess:5:GeneralExecution-StepActive,"ProcessChamber1","LocalProcessJob0004","Arr[0]","RecipeCARRIER2","RecipeCARRIER2","Arr[0]",9,"Step-8","CARRIER2.10","Arr[0]"
2022-11-11T14:29:05.255-07:00,ModuleProcess:5:GeneralExecution-StepActive,"ProcessChamber1","LocalProcessJob0004","Arr[0]","RecipeCARRIER2","RecipeCARRIER2","Arr[0]",10,"Step-9","CARRIER2.10","Arr[0]"
2022-11-11T14:29:09.604-07:00,ModuleProcess:5:GeneralExecution-StepActive,"ProcessChamber1","LocalProcessJob0004","Arr[0]","RecipeCARRIER2","RecipeCARRIER2","Arr[0]",1,"Step-0","CARRIER2.12","Arr[0]"
2022-11-11T14:29:10.650-07:00,ModuleProcess:5:GeneralExecution-StepActive,"ProcessChamber1","LocalProcessJob0004","Arr[0]","RecipeCARRIER2","RecipeCARRIER2","Arr[0]",2,"Step-1","CARRIER2.12","Arr[0]"
2022-11-11T14:29:11.700-07:00,ModuleProcess:5:GeneralExecution-StepActive,"ProcessChamber1","LocalProcessJob0004","Arr[0]","RecipeCARRIER2","RecipeCARRIER2","Arr[0]",3,"Step-2","CARRIER2.12","Arr[0]"
2022-11-11T14:29:12.803-07:00,ModuleProcess:5:GeneralExecution-StepActive,"ProcessChamber1","LocalProcessJob0004","Arr[0]","RecipeCARRIER2","RecipeCARRIER2","Arr[0]",4,"Step-3","CARRIER2.12","Arr[0]"
2022-11-11T14:29:13.941-07:00,ModuleProcess:5:GeneralExecution-StepActive,"ProcessChamber1","LocalProcessJob0004","Arr[0]","RecipeCARRIER2","RecipeCARRIER2","Arr[0]",5,"Step-4","CARRIER2.12","Arr[0]"
2022-11-11T14:29:15.045-07:00,ModuleProcess:5:GeneralExecution-StepActive,"ProcessChamber1","LocalProcessJob0004","Arr[0]","RecipeCARRIER2","RecipeCARRIER2","Arr[0]",6,"Step-5","CARRIER2.12","Arr[0]"
2022-11-11T14:29:16.153-07:00,ModuleProcess:5:GeneralExecution-StepActive,"ProcessChamber1","LocalProcessJob0004","Arr[0]","RecipeCARRIER2","RecipeCARRIER2","Arr[0]",7,"Step-6","CARRIER2.12","Arr[0]"
2022-11-11T14:29:17.268-07:00,ModuleProcess:5:GeneralExecution-StepActive,"ProcessChamber1","LocalProcessJob0004","Arr[0]","RecipeCARRIER2","RecipeCARRIER2","Arr[0]",8,"Step-7","CARRIER2.12","Arr[0]"
2022-11-11T14:29:18.363-07:00,ModuleProcess:5:GeneralExecution-StepActive,"ProcessChamber1","LocalProcessJob0004","Arr[0]","RecipeCARRIER2","RecipeCARRIER2","Arr[0]",9,"Step-8","CARRIER2.12","Arr[0]"
2022-11-11T14:29:19.476-07:00,ModuleProcess:5:GeneralExecution-StepActive,"ProcessChamber1","LocalProcessJob0004","Arr[0]","RecipeCARRIER2","RecipeCARRIER2","Arr[0]",10,"Step-9","CARRIER2.12","Arr[0]"
2022-11-11T14:29:23.910-07:00,ModuleProcess:5:GeneralExecution-StepActive,"ProcessChamber1","LocalProcessJob0004","Arr[0]","RecipeCARRIER2","RecipeCARRIER2","Arr[0]",1,"Step-0","CARRIER2.14","Arr[0]"
2022-11-11T14:29:24.957-07:00,ModuleProcess:5:GeneralExecution-StepActive,"ProcessChamber1","LocalProcessJob0004","Arr[0]","RecipeCARRIER2","RecipeCARRIER2","Arr[0]",2,"Step-1","CARRIER2.14","Arr[0]"
2022-11-11T14:29:26.011-07:00,ModuleProcess:5:GeneralExecution-StepActive,"ProcessChamber1","LocalProcessJob0004","Arr[0]","RecipeCARRIER2","RecipeCARRIER2","Arr[0]",3,"Step-2","CARRIER2.14","Arr[0]"
2022-11-11T14:29:27.124-07:00,ModuleProcess:5:GeneralExecution-StepActive,"ProcessChamber1","LocalProcessJob0004","Arr[0]","RecipeCARRIER2","RecipeCARRIER2","Arr[0]",4,"Step-3","CARRIER2.14","Arr[0]"
2022-11-11T14:29:28.232-07:00,ModuleProcess:5:GeneralExecution-StepActive,"ProcessChamber1","LocalProcessJob0004","Arr[0]","RecipeCARRIER2","RecipeCARRIER2","Arr[0]",5,"Step-4","CARRIER2.14","Arr[0]"
2022-11-11T14:29:29.332-07:00,ModuleProcess:5:GeneralExecution-StepActive,"ProcessChamber1","LocalProcessJob0004","Arr[0]","RecipeCARRIER2","RecipeCARRIER2","Arr[0]",6,"Step-5","CARRIER2.14","Arr[0]"
2022-11-11T14:29:30.431-07:00,ModuleProcess:5:GeneralExecution-StepActive,"ProcessChamber1","LocalProcessJob0004","Arr[0]","RecipeCARRIER2","RecipeCARRIER2","Arr[0]",7,"Step-6","CARRIER2.14","Arr[0]"
2022-11-11T14:29:31.661-07:00,ModuleProcess:5:GeneralExecution-StepActive,"ProcessChamber1","LocalProcessJob0004","Arr[0]","RecipeCARRIER2","RecipeCARRIER2","Arr[0]",8,"Step-7","CARRIER2.14","Arr[0]"
2022-11-11T14:29:32.848-07:00,ModuleProcess:5:GeneralExecution-StepActive,"ProcessChamber1","LocalProcessJob0004","Arr[0]","RecipeCARRIER2","RecipeCARRIER2","Arr[0]",9,"Step-8","CARRIER2.14","Arr[0]"
2022-11-11T14:29:33.975-07:00,ModuleProcess:5:GeneralExecution-StepActive,"ProcessChamber1","LocalProcessJob0004","Arr[0]","RecipeCARRIER2","RecipeCARRIER2","Arr[0]",10,"Step-9","CARRIER2.14","Arr[0]"
2022-11-11T14:29:38.184-07:00,ModuleProcess:5:GeneralExecution-StepActive,"ProcessChamber1","LocalProcessJob0004","Arr[0]","RecipeCARRIER2","RecipeCARRIER2","Arr[0]",1,"Step-0","CARRIER2.16","Arr[0]"
2022-11-11T14:29:39.238-07:00,ModuleProcess:5:GeneralExecution-StepActive,"ProcessChamber1","LocalProcessJob0004","Arr[0]","RecipeCARRIER2","RecipeCARRIER2","Arr[0]",2,"Step-1","CARRIER2.16","Arr[0]"
2022-11-11T14:29:40.290-07:00,ModuleProcess:5:GeneralExecution-StepActive,"ProcessChamber1","LocalProcessJob0004","Arr[0]","RecipeCARRIER2","RecipeCARRIER2","Arr[0]",3,"Step-2","CARRIER2.16","Arr[0]"
2022-11-11T14:29:41.417-07:00,ModuleProcess:5:GeneralExecution-StepActive,"ProcessChamber1","LocalProcessJob0004","Arr[0]","RecipeCARRIER2","RecipeCARRIER2","Arr[0]",4,"Step-3","CARRIER2.16","Arr[0]"
2022-11-11T14:29:42.514-07:00,ModuleProcess:5:GeneralExecution-StepActive,"ProcessChamber1","LocalProcessJob0004","Arr[0]","RecipeCARRIER2","RecipeCARRIER2","Arr[0]",5,"Step-4","CARRIER2.16","Arr[0]"
2022-11-11T14:29:43.615-07:00,ModuleProcess:5:GeneralExecution-StepActive,"ProcessChamber1","LocalProcessJob0004","Arr[0]","RecipeCARRIER2","RecipeCARRIER2","Arr[0]",6,"Step-5","CARRIER2.16","Arr[0]"
2022-11-11T14:29:44.749-07:00,ModuleProcess:5:GeneralExecution-StepActive,"ProcessChamber1","LocalProcessJob0004","Arr[0]","RecipeCARRIER2","RecipeCARRIER2","Arr[0]",7,"Step-6","CARRIER2.16","Arr[0]"
2022-11-11T14:29:45.847-07:00,ModuleProcess:5:GeneralExecution-StepActive,"ProcessChamber1","LocalProcessJob0004","Arr[0]","RecipeCARRIER2","RecipeCARRIER2","Arr[0]",8,"Step-7","CARRIER2.16","Arr[0]"
2022-11-11T14:29:46.950-07:00,ModuleProcess:5:GeneralExecution-StepActive,"ProcessChamber1","LocalProcessJob0004","Arr[0]","RecipeCARRIER2","RecipeCARRIER2","Arr[0]",9,"Step-8","CARRIER2.16","Arr[0]"
2022-11-11T14:29:48.055-07:00,ModuleProcess:5:GeneralExecution-StepActive,"ProcessChamber1","LocalProcessJob0004","Arr[0]","RecipeCARRIER2","RecipeCARRIER2","Arr[0]",10,"Step-9","CARRIER2.16","Arr[0]"
2022-11-11T14:29:52.454-07:00,ModuleProcess:5:GeneralExecution-StepActive,"ProcessChamber1","LocalProcessJob0004","Arr[0]","RecipeCARRIER2","RecipeCARRIER2","Arr[0]",1,"Step-0","CARRIER2.18","Arr[0]"
2022-11-11T14:29:53.503-07:00,ModuleProcess:5:GeneralExecution-StepActive,"ProcessChamber1","LocalProcessJob0004","Arr[0]","RecipeCARRIER2","RecipeCARRIER2","Arr[0]",2,"Step-1","CARRIER2.18","Arr[0]"
2022-11-11T14:29:54.551-07:00,ModuleProcess:5:GeneralExecution-StepActive,"ProcessChamber1","LocalProcessJob0004","Arr[0]","RecipeCARRIER2","RecipeCARRIER2","Arr[0]",3,"Step-2","CARRIER2.18","Arr[0]"
2022-11-11T14:29:55.655-07:00,ModuleProcess:5:GeneralExecution-StepActive,"ProcessChamber1","LocalProcessJob0004","Arr[0]","RecipeCARRIER2","RecipeCARRIER2","Arr[0]",4,"Step-3","CARRIER2.18","Arr[0]"
2022-11-11T14:29:56.768-07:00,ModuleProcess:5:GeneralExecution-StepActive,"ProcessChamber1","LocalProcessJob0004","Arr[0]","RecipeCARRIER2","RecipeCARRIER2","Arr[0]",5,"Step-4","CARRIER2.18","Arr[0]"
2022-11-11T14:29:57.861-07:00,ModuleProcess:5:GeneralExecution-StepActive,"ProcessChamber1","LocalProcessJob0004","Arr[0]","RecipeCARRIER2","RecipeCARRIER2","Arr[0]",6,"Step-5","CARRIER2.18","Arr[0]"
2022-11-11T14:29:58.957-07:00,ModuleProcess:5:GeneralExecution-StepActive,"ProcessChamber1","LocalProcessJob0004","Arr[0]","RecipeCARRIER2","RecipeCARRIER2","Arr[0]",7,"Step-6","CARRIER2.18","Arr[0]"
2022-11-11T14:30:00.093-07:00,ModuleProcess:5:GeneralExecution-StepActive,"ProcessChamber1","LocalProcessJob0004","Arr[0]","RecipeCARRIER2","RecipeCARRIER2","Arr[0]",8,"Step-7","CARRIER2.18","Arr[0]"
2022-11-11T14:30:01.194-07:00,ModuleProcess:5:GeneralExecution-StepActive,"ProcessChamber1","LocalProcessJob0004","Arr[0]","RecipeCARRIER2","RecipeCARRIER2","Arr[0]",9,"Step-8","CARRIER2.18","Arr[0]"
2022-11-11T14:30:02.289-07:00,ModuleProcess:5:GeneralExecution-StepActive,"ProcessChamber1","LocalProcessJob0004","Arr[0]","RecipeCARRIER2","RecipeCARRIER2","Arr[0]",10,"Step-9","CARRIER2.18","Arr[0]"
2022-11-11T14:30:06.730-07:00,ModuleProcess:5:GeneralExecution-StepActive,"ProcessChamber1","LocalProcessJob0004","Arr[0]","RecipeCARRIER2","RecipeCARRIER2","Arr[0]",1,"Step-0","CARRIER2.20","Arr[0]"
2022-11-11T14:30:07.785-07:00,ModuleProcess:5:GeneralExecution-StepActive,"ProcessChamber1","LocalProcessJob0004","Arr[0]","RecipeCARRIER2","RecipeCARRIER2","Arr[0]",2,"Step-1","CARRIER2.20","Arr[0]"
2022-11-11T14:30:08.833-07:00,ModuleProcess:5:GeneralExecution-StepActive,"ProcessChamber1","LocalProcessJob0004","Arr[0]","RecipeCARRIER2","RecipeCARRIER2","Arr[0]",3,"Step-2","CARRIER2.20","Arr[0]"
2022-11-11T14:30:09.935-07:00,ModuleProcess:5:GeneralExecution-StepActive,"ProcessChamber1","LocalProcessJob0004","Arr[0]","RecipeCARRIER2","RecipeCARRIER2","Arr[0]",4,"Step-3","CARRIER2.20","Arr[0]"
2022-11-11T14:30:11.066-07:00,ModuleProcess:5:GeneralExecution-StepActive,"ProcessChamber1","LocalProcessJob0004","Arr[0]","RecipeCARRIER2","RecipeCARRIER2","Arr[0]",5,"Step-4","CARRIER2.20","Arr[0]"
2022-11-11T14:30:12.162-07:00,ModuleProcess:5:GeneralExecution-StepActive,"ProcessChamber1","LocalProcessJob0004","Arr[0]","RecipeCARRIER2","RecipeCARRIER2","Arr[0]",6,"Step-5","CARRIER2.20","Arr[0]"
2022-11-11T14:30:13.268-07:00,ModuleProcess:5:GeneralExecution-StepActive,"ProcessChamber1","LocalProcessJob0004","Arr[0]","RecipeCARRIER2","RecipeCARRIER2","Arr[0]",7,"Step-6","CARRIER2.20","Arr[0]"
2022-11-11T14:30:14.389-07:00,ModuleProcess:5:GeneralExecution-StepActive,"ProcessChamber1","LocalProcessJob0004","Arr[0]","RecipeCARRIER2","RecipeCARRIER2","Arr[0]",8,"Step-7","CARRIER2.20","Arr[0]"
2022-11-11T14:30:15.488-07:00,ModuleProcess:5:GeneralExecution-StepActive,"ProcessChamber1","LocalProcessJob0004","Arr[0]","RecipeCARRIER2","RecipeCARRIER2","Arr[0]",9,"Step-8","CARRIER2.20","Arr[0]"
2022-11-11T14:30:16.581-07:00,ModuleProcess:5:GeneralExecution-StepActive,"ProcessChamber1","LocalProcessJob0004","Arr[0]","RecipeCARRIER2","RecipeCARRIER2","Arr[0]",10,"Step-9","CARRIER2.20","Arr[0]"
2022-11-11T14:30:21.026-07:00,ModuleProcess:5:GeneralExecution-StepActive,"ProcessChamber1","LocalProcessJob0004","Arr[0]","RecipeCARRIER2","RecipeCARRIER2","Arr[0]",1,"Step-0","CARRIER2.22","Arr[0]"
2022-11-11T14:30:22.084-07:00,ModuleProcess:5:GeneralExecution-StepActive,"ProcessChamber1","LocalProcessJob0004","Arr[0]","RecipeCARRIER2","RecipeCARRIER2","Arr[0]",2,"Step-1","CARRIER2.22","Arr[0]"
2022-11-11T14:30:23.135-07:00,ModuleProcess:5:GeneralExecution-StepActive,"ProcessChamber1","LocalProcessJob0004","Arr[0]","RecipeCARRIER2","RecipeCARRIER2","Arr[0]",3,"Step-2","CARRIER2.22","Arr[0]"
2022-11-11T14:30:24.236-07:00,ModuleProcess:5:GeneralExecution-StepActive,"ProcessChamber1","LocalProcessJob0004","Arr[0]","RecipeCARRIER2","RecipeCARRIER2","Arr[0]",4,"Step-3","CARRIER2.22","Arr[0]"
2022-11-11T14:30:25.357-07:00,ModuleProcess:5:GeneralExecution-StepActive,"ProcessChamber1","LocalProcessJob0004","Arr[0]","RecipeCARRIER2","RecipeCARRIER2","Arr[0]",5,"Step-4","CARRIER2.22","Arr[0]"
2022-11-11T14:30:26.458-07:00,ModuleProcess:5:GeneralExecution-StepActive,"ProcessChamber1","LocalProcessJob0004","Arr[0]","RecipeCARRIER2","RecipeCARRIER2","Arr[0]",6,"Step-5","CARRIER2.22","Arr[0]"
2022-11-11T14:30:27.576-07:00,ModuleProcess:5:GeneralExecution-StepActive,"ProcessChamber1","LocalProcessJob0004","Arr[0]","RecipeCARRIER2","RecipeCARRIER2","Arr[0]",7,"Step-6","CARRIER2.22","Arr[0]"
2022-11-11T14:30:28.703-07:00,ModuleProcess:5:GeneralExecution-StepActive,"ProcessChamber1","LocalProcessJob0004","Arr[0]","RecipeCARRIER2","RecipeCARRIER2","Arr[0]",8,"Step-7","CARRIER2.22","Arr[0]"
2022-11-11T14:30:29.829-07:00,ModuleProcess:5:GeneralExecution-StepActive,"ProcessChamber1","LocalProcessJob0004","Arr[0]","RecipeCARRIER2","RecipeCARRIER2","Arr[0]",9,"Step-8","CARRIER2.22","Arr[0]"
2022-11-11T14:30:30.934-07:00,ModuleProcess:5:GeneralExecution-StepActive,"ProcessChamber1","LocalProcessJob0004","Arr[0]","RecipeCARRIER2","RecipeCARRIER2","Arr[0]",10,"Step-9","CARRIER2.22","Arr[0]"
2022-11-11T14:30:35.489-07:00,ModuleProcess:5:GeneralExecution-StepActive,"ProcessChamber1","LocalProcessJob0004","Arr[0]","RecipeCARRIER2","RecipeCARRIER2","Arr[0]",1,"Step-0","CARRIER2.24","Arr[0]"
2022-11-11T14:30:36.551-07:00,ModuleProcess:5:GeneralExecution-StepActive,"ProcessChamber1","LocalProcessJob0004","Arr[0]","RecipeCARRIER2","RecipeCARRIER2","Arr[0]",2,"Step-1","CARRIER2.24","Arr[0]"
2022-11-11T14:30:37.608-07:00,ModuleProcess:5:GeneralExecution-StepActive,"ProcessChamber1","LocalProcessJob0004","Arr[0]","RecipeCARRIER2","RecipeCARRIER2","Arr[0]",3,"Step-2","CARRIER2.24","Arr[0]"
2022-11-11T14:30:38.720-07:00,ModuleProcess:5:GeneralExecution-StepActive,"ProcessChamber1","LocalProcessJob0004","Arr[0]","RecipeCARRIER2","RecipeCARRIER2","Arr[0]",4,"Step-3","CARRIER2.24","Arr[0]"
2022-11-11T14:30:39.821-07:00,ModuleProcess:5:GeneralExecution-StepActive,"ProcessChamber1","LocalProcessJob0004","Arr[0]","RecipeCARRIER2","RecipeCARRIER2","Arr[0]",5,"Step-4","CARRIER2.24","Arr[0]"
2022-11-11T14:30:40.932-07:00,ModuleProcess:5:GeneralExecution-StepActive,"ProcessChamber1","LocalProcessJob0004","Arr[0]","RecipeCARRIER2","RecipeCARRIER2","Arr[0]",6,"Step-5","CARRIER2.24","Arr[0]"
2022-11-11T14:30:42.039-07:00,ModuleProcess:5:GeneralExecution-StepActive,"ProcessChamber1","LocalProcessJob0004","Arr[0]","RecipeCARRIER2","RecipeCARRIER2","Arr[0]",7,"Step-6","CARRIER2.24","Arr[0]"
2022-11-11T14:30:43.138-07:00,ModuleProcess:5:GeneralExecution-StepActive,"ProcessChamber1","LocalProcessJob0004","Arr[0]","RecipeCARRIER2","RecipeCARRIER2","Arr[0]",8,"Step-7","CARRIER2.24","Arr[0]"
2022-11-11T14:30:44.238-07:00,ModuleProcess:5:GeneralExecution-StepActive,"ProcessChamber1","LocalProcessJob0004","Arr[0]","RecipeCARRIER2","RecipeCARRIER2","Arr[0]",9,"Step-8","CARRIER2.24","Arr[0]"
2022-11-11T14:30:45.410-07:00,ModuleProcess:5:GeneralExecution-StepActive,"ProcessChamber1","LocalProcessJob0004","Arr[0]","RecipeCARRIER2","RecipeCARRIER2","Arr[0]",10,"Step-9","CARRIER2.24","Arr[0]"
2022-11-11T14:31:11.414-07:00,ModuleProcess:5:GeneralExecution-StepActive,"ProcessChamber1","LocalProcessJob0005","Arr[0]","RecipeCARRIER1","RecipeCARRIER1","Arr[0]",1,"Step-0","CARRIER1.01","Arr[0]"
2022-11-11T14:31:12.467-07:00,ModuleProcess:5:GeneralExecution-StepActive,"ProcessChamber1","LocalProcessJob0005","Arr[0]","RecipeCARRIER1","RecipeCARRIER1","Arr[0]",2,"Step-1","CARRIER1.01","Arr[0]"
2022-11-11T14:31:13.569-07:00,ModuleProcess:5:GeneralExecution-StepActive,"ProcessChamber1","LocalProcessJob0005","Arr[0]","RecipeCARRIER1","RecipeCARRIER1","Arr[0]",3,"Step-2","CARRIER1.01","Arr[0]"
2022-11-11T14:31:14.706-07:00,ModuleProcess:5:GeneralExecution-StepActive,"ProcessChamber1","LocalProcessJob0005","Arr[0]","RecipeCARRIER1","RecipeCARRIER1","Arr[0]",4,"Step-3","CARRIER1.01","Arr[0]"
2022-11-11T14:31:15.813-07:00,ModuleProcess:5:GeneralExecution-StepActive,"ProcessChamber1","LocalProcessJob0005","Arr[0]","RecipeCARRIER1","RecipeCARRIER1","Arr[0]",5,"Step-4","CARRIER1.01","Arr[0]"
2022-11-11T14:31:16.909-07:00,ModuleProcess:5:GeneralExecution-StepActive,"ProcessChamber1","LocalProcessJob0005","Arr[0]","RecipeCARRIER1","RecipeCARRIER1","Arr[0]",6,"Step-5","CARRIER1.01","Arr[0]"
2022-11-11T14:31:18.009-07:00,ModuleProcess:5:GeneralExecution-StepActive,"ProcessChamber1","LocalProcessJob0005","Arr[0]","RecipeCARRIER1","RecipeCARRIER1","Arr[0]",7,"Step-6","CARRIER1.01","Arr[0]"
2022-11-11T14:31:19.118-07:00,ModuleProcess:5:GeneralExecution-StepActive,"ProcessChamber1","LocalProcessJob0005","Arr[0]","RecipeCARRIER1","RecipeCARRIER1","Arr[0]",8,"Step-7","CARRIER1.01","Arr[0]"
2022-11-11T14:31:20.222-07:00,ModuleProcess:5:GeneralExecution-StepActive,"ProcessChamber1","LocalProcessJob0005","Arr[0]","RecipeCARRIER1","RecipeCARRIER1","Arr[0]",9,"Step-8","CARRIER1.01","Arr[0]"
2022-11-11T14:31:21.314-07:00,ModuleProcess:5:GeneralExecution-StepActive,"ProcessChamber1","LocalProcessJob0005","Arr[0]","RecipeCARRIER1","RecipeCARRIER1","Arr[0]",10,"Step-9","CARRIER1.01","Arr[0]"
2022-11-11T14:31:25.728-07:00,ModuleProcess:5:GeneralExecution-StepActive,"ProcessChamber1","LocalProcessJob0005","Arr[0]","RecipeCARRIER1","RecipeCARRIER1","Arr[0]",1,"Step-0","CARRIER1.03","Arr[0]"
2022-11-11T14:31:26.854-07:00,ModuleProcess:5:GeneralExecution-StepActive,"ProcessChamber1","LocalProcessJob0005","Arr[0]","RecipeCARRIER1","RecipeCARRIER1","Arr[0]",2,"Step-1","CARRIER1.03","Arr[0]"
2022-11-11T14:31:27.913-07:00,ModuleProcess:5:GeneralExecution-StepActive,"ProcessChamber1","LocalProcessJob0005","Arr[0]","RecipeCARRIER1","RecipeCARRIER1","Arr[0]",3,"Step-2","CARRIER1.03","Arr[0]"
2022-11-11T14:31:29.070-07:00,ModuleProcess:5:GeneralExecution-StepActive,"ProcessChamber1","LocalProcessJob0005","Arr[0]","RecipeCARRIER1","RecipeCARRIER1","Arr[0]",4,"Step-3","CARRIER1.03","Arr[0]"
2022-11-11T14:31:30.320-07:00,ModuleProcess:5:GeneralExecution-StepActive,"ProcessChamber1","LocalProcessJob0005","Arr[0]","RecipeCARRIER1","RecipeCARRIER1","Arr[0]",5,"Step-4","CARRIER1.03","Arr[0]"
2022-11-11T14:31:31.714-07:00,ModuleProcess:5:GeneralExecution-StepActive,"ProcessChamber1","LocalProcessJob0005","Arr[0]","RecipeCARRIER1","RecipeCARRIER1","Arr[0]",6,"Step-5","CARRIER1.03","Arr[0]"
2022-11-11T14:31:33.034-07:00,ModuleProcess:5:GeneralExecution-StepActive,"ProcessChamber1","LocalProcessJob0005","Arr[0]","RecipeCARRIER1","RecipeCARRIER1","Arr[0]",7,"Step-6","CARRIER1.03","Arr[0]"
2022-11-11T14:31:34.241-07:00,ModuleProcess:5:GeneralExecution-StepActive,"ProcessChamber1","LocalProcessJob0005","Arr[0]","RecipeCARRIER1","RecipeCARRIER1","Arr[0]",8,"Step-7","CARRIER1.03","Arr[0]"
2022-11-11T14:31:35.415-07:00,ModuleProcess:5:GeneralExecution-StepActive,"ProcessChamber1","LocalProcessJob0005","Arr[0]","RecipeCARRIER1","RecipeCARRIER1","Arr[0]",9,"Step-8","CARRIER1.03","Arr[0]"
2022-11-11T14:31:36.559-07:00,ModuleProcess:5:GeneralExecution-StepActive,"ProcessChamber1","LocalProcessJob0005","Arr[0]","RecipeCARRIER1","RecipeCARRIER1","Arr[0]",10,"Step-9","CARRIER1.03","Arr[0]"
2022-11-11T14:31:40.418-07:00,ModuleProcess:5:GeneralExecution-StepActive,"ProcessChamber1","LocalProcessJob0005","Arr[0]","RecipeCARRIER1","RecipeCARRIER1","Arr[0]",1,"Step-0","CARRIER1.05","Arr[0]"
2022-11-11T14:31:41.475-07:00,ModuleProcess:5:GeneralExecution-StepActive,"ProcessChamber1","LocalProcessJob0005","Arr[0]","RecipeCARRIER1","RecipeCARRIER1","Arr[0]",2,"Step-1","CARRIER1.05","Arr[0]"
2022-11-11T14:31:42.529-07:00,ModuleProcess:5:GeneralExecution-StepActive,"ProcessChamber1","LocalProcessJob0005","Arr[0]","RecipeCARRIER1","RecipeCARRIER1","Arr[0]",3,"Step-2","CARRIER1.05","Arr[0]"
2022-11-11T14:31:43.631-07:00,ModuleProcess:5:GeneralExecution-StepActive,"ProcessChamber1","LocalProcessJob0005","Arr[0]","RecipeCARRIER1","RecipeCARRIER1","Arr[0]",4,"Step-3","CARRIER1.05","Arr[0]"
2022-11-11T14:31:44.727-07:00,ModuleProcess:5:GeneralExecution-StepActive,"ProcessChamber1","LocalProcessJob0005","Arr[0]","RecipeCARRIER1","RecipeCARRIER1","Arr[0]",5,"Step-4","CARRIER1.05","Arr[0]"
2022-11-11T14:31:45.833-07:00,ModuleProcess:5:GeneralExecution-StepActive,"ProcessChamber1","LocalProcessJob0005","Arr[0]","RecipeCARRIER1","RecipeCARRIER1","Arr[0]",6,"Step-5","CARRIER1.05","Arr[0]"
2022-11-11T14:31:46.956-07:00,ModuleProcess:5:GeneralExecution-StepActive,"ProcessChamber1","LocalProcessJob0005","Arr[0]","RecipeCARRIER1","RecipeCARRIER1","Arr[0]",7,"Step-6","CARRIER1.05","Arr[0]"
2022-11-11T14:31:48.073-07:00,ModuleProcess:5:GeneralExecution-StepActive,"ProcessChamber1","LocalProcessJob0005","Arr[0]","RecipeCARRIER1","RecipeCARRIER1","Arr[0]",8,"Step-7","CARRIER1.05","Arr[0]"
2022-11-11T14:31:49.184-07:00,ModuleProcess:5:GeneralExecution-StepActive,"ProcessChamber1","LocalProcessJob0005","Arr[0]","RecipeCARRIER1","RecipeCARRIER1","Arr[0]",9,"Step-8","CARRIER1.05","Arr[0]"
2022-11-11T14:31:50.303-07:00,ModuleProcess:5:GeneralExecution-StepActive,"ProcessChamber1","LocalProcessJob0005","Arr[0]","RecipeCARRIER1","RecipeCARRIER1","Arr[0]",10,"Step-9","CARRIER1.05","Arr[0]"
2022-11-11T14:31:54.804-07:00,ModuleProcess:5:GeneralExecution-StepActive,"ProcessChamber1","LocalProcessJob0005","Arr[0]","RecipeCARRIER1","RecipeCARRIER1","Arr[0]",1,"Step-0","CARRIER1.07","Arr[0]"
2022-11-11T14:31:55.946-07:00,ModuleProcess:5:GeneralExecution-StepActive,"ProcessChamber1","LocalProcessJob0005","Arr[0]","RecipeCARRIER1","RecipeCARRIER1","Arr[0]",2,"Step-1","CARRIER1.07","Arr[0]"
2022-11-11T14:31:57.057-07:00,ModuleProcess:5:GeneralExecution-StepActive,"ProcessChamber1","LocalProcessJob0005","Arr[0]","RecipeCARRIER1","RecipeCARRIER1","Arr[0]",3,"Step-2","CARRIER1.07","Arr[0]"
2022-11-11T14:31:58.170-07:00,ModuleProcess:5:GeneralExecution-StepActive,"ProcessChamber1","LocalProcessJob0005","Arr[0]","RecipeCARRIER1","RecipeCARRIER1","Arr[0]",4,"Step-3","CARRIER1.07","Arr[0]"
2022-11-11T14:31:59.281-07:00,ModuleProcess:5:GeneralExecution-StepActive,"ProcessChamber1","LocalProcessJob0005","Arr[0]","RecipeCARRIER1","RecipeCARRIER1","Arr[0]",5,"Step-4","CARRIER1.07","Arr[0]"
2022-11-11T14:32:00.388-07:00,ModuleProcess:5:GeneralExecution-StepActive,"ProcessChamber1","LocalProcessJob0005","Arr[0]","RecipeCARRIER1","RecipeCARRIER1","Arr[0]",6,"Step-5","CARRIER1.07","Arr[0]"
2022-11-11T14:32:01.528-07:00,ModuleProcess:5:GeneralExecution-StepActive,"ProcessChamber1","LocalProcessJob0005","Arr[0]","RecipeCARRIER1","RecipeCARRIER1","Arr[0]",7,"Step-6","CARRIER1.07","Arr[0]"
2022-11-11T14:32:02.644-07:00,ModuleProcess:5:GeneralExecution-StepActive,"ProcessChamber1","LocalProcessJob0005","Arr[0]","RecipeCARRIER1","RecipeCARRIER1","Arr[0]",8,"Step-7","CARRIER1.07","Arr[0]"
2022-11-11T14:32:03.731-07:00,ModuleProcess:5:GeneralExecution-StepActive,"ProcessChamber1","LocalProcessJob0005","Arr[0]","RecipeCARRIER1","RecipeCARRIER1","Arr[0]",9,"Step-8","CARRIER1.07","Arr[0]"
2022-11-11T14:32:04.823-07:00,ModuleProcess:5:GeneralExecution-StepActive,"ProcessChamber1","LocalProcessJob0005","Arr[0]","RecipeCARRIER1","RecipeCARRIER1","Arr[0]",10,"Step-9","CARRIER1.07","Arr[0]"
2022-11-11T14:32:09.083-07:00,ModuleProcess:5:GeneralExecution-StepActive,"ProcessChamber1","LocalProcessJob0005","Arr[0]","RecipeCARRIER1","RecipeCARRIER1","Arr[0]",1,"Step-0","CARRIER1.09","Arr[0]"
2022-11-11T14:32:10.140-07:00,ModuleProcess:5:GeneralExecution-StepActive,"ProcessChamber1","LocalProcessJob0005","Arr[0]","RecipeCARRIER1","RecipeCARRIER1","Arr[0]",2,"Step-1","CARRIER1.09","Arr[0]"
2022-11-11T14:32:11.192-07:00,ModuleProcess:5:GeneralExecution-StepActive,"ProcessChamber1","LocalProcessJob0005","Arr[0]","RecipeCARRIER1","RecipeCARRIER1","Arr[0]",3,"Step-2","CARRIER1.09","Arr[0]"
2022-11-11T14:32:12.288-07:00,ModuleProcess:5:GeneralExecution-StepActive,"ProcessChamber1","LocalProcessJob0005","Arr[0]","RecipeCARRIER1","RecipeCARRIER1","Arr[0]",4,"Step-3","CARRIER1.09","Arr[0]"
2022-11-11T14:32:13.405-07:00,ModuleProcess:5:GeneralExecution-StepActive,"ProcessChamber1","LocalProcessJob0005","Arr[0]","RecipeCARRIER1","RecipeCARRIER1","Arr[0]",5,"Step-4","CARRIER1.09","Arr[0]"
2022-11-11T14:32:14.535-07:00,ModuleProcess:5:GeneralExecution-StepActive,"ProcessChamber1","LocalProcessJob0005","Arr[0]","RecipeCARRIER1","RecipeCARRIER1","Arr[0]",6,"Step-5","CARRIER1.09","Arr[0]"
2022-11-11T14:32:15.640-07:00,ModuleProcess:5:GeneralExecution-StepActive,"ProcessChamber1","LocalProcessJob0005","Arr[0]","RecipeCARRIER1","RecipeCARRIER1","Arr[0]",7,"Step-6","CARRIER1.09","Arr[0]"
2022-11-11T14:32:16.756-07:00,ModuleProcess:5:GeneralExecution-StepActive,"ProcessChamber1","LocalProcessJob0005","Arr[0]","RecipeCARRIER1","RecipeCARRIER1","Arr[0]",8,"Step-7","CARRIER1.09","Arr[0]"
2022-11-11T14:32:17.859-07:00,ModuleProcess:5:GeneralExecution-StepActive,"ProcessChamber1","LocalProcessJob0005","Arr[0]","RecipeCARRIER1","RecipeCARRIER1","Arr[0]",9,"Step-8","CARRIER1.09","Arr[0]"
2022-11-11T14:32:18.957-07:00,ModuleProcess:5:GeneralExecution-StepActive,"ProcessChamber1","LocalProcessJob0005","Arr[0]","RecipeCARRIER1","RecipeCARRIER1","Arr[0]",10,"Step-9","CARRIER1.09","Arr[0]"
2022-11-11T14:32:23.295-07:00,ModuleProcess:5:GeneralExecution-StepActive,"ProcessChamber1","LocalProcessJob0005","Arr[0]","RecipeCARRIER1","RecipeCARRIER1","Arr[0]",1,"Step-0","CARRIER1.11","Arr[0]"
2022-11-11T14:32:24.353-07:00,ModuleProcess:5:GeneralExecution-StepActive,"ProcessChamber1","LocalProcessJob0005","Arr[0]","RecipeCARRIER1","RecipeCARRIER1","Arr[0]",2,"Step-1","CARRIER1.11","Arr[0]"
2022-11-11T14:32:25.400-07:00,ModuleProcess:5:GeneralExecution-StepActive,"ProcessChamber1","LocalProcessJob0005","Arr[0]","RecipeCARRIER1","RecipeCARRIER1","Arr[0]",3,"Step-2","CARRIER1.11","Arr[0]"
2022-11-11T14:32:26.498-07:00,ModuleProcess:5:GeneralExecution-StepActive,"ProcessChamber1","LocalProcessJob0005","Arr[0]","RecipeCARRIER1","RecipeCARRIER1","Arr[0]",4,"Step-3","CARRIER1.11","Arr[0]"
2022-11-11T14:32:27.609-07:00,ModuleProcess:5:GeneralExecution-StepActive,"ProcessChamber1","LocalProcessJob0005","Arr[0]","RecipeCARRIER1","RecipeCARRIER1","Arr[0]",5,"Step-4","CARRIER1.11","Arr[0]"
2022-11-11T14:32:28.730-07:00,ModuleProcess:5:GeneralExecution-StepActive,"ProcessChamber1","LocalProcessJob0005","Arr[0]","RecipeCARRIER1","RecipeCARRIER1","Arr[0]",6,"Step-5","CARRIER1.11","Arr[0]"
2022-11-11T14:32:29.821-07:00,ModuleProcess:5:GeneralExecution-StepActive,"ProcessChamber1","LocalProcessJob0005","Arr[0]","RecipeCARRIER1","RecipeCARRIER1","Arr[0]",7,"Step-6","CARRIER1.11","Arr[0]"
2022-11-11T14:32:30.930-07:00,ModuleProcess:5:GeneralExecution-StepActive,"ProcessChamber1","LocalProcessJob0005","Arr[0]","RecipeCARRIER1","RecipeCARRIER1","Arr[0]",8,"Step-7","CARRIER1.11","Arr[0]"
2022-11-11T14:32:32.031-07:00,ModuleProcess:5:GeneralExecution-StepActive,"ProcessChamber1","LocalProcessJob0005","Arr[0]","RecipeCARRIER1","RecipeCARRIER1","Arr[0]",9,"Step-8","CARRIER1.11","Arr[0]"
2022-11-11T14:32:33.165-07:00,ModuleProcess:5:GeneralExecution-StepActive,"ProcessChamber1","LocalProcessJob0005","Arr[0]","RecipeCARRIER1","RecipeCARRIER1","Arr[0]",10,"Step-9","CARRIER1.11","Arr[0]"
